Interaction_ID,Timestamp,Agent_ID,Channel,Queue_Name,Talk_Time_Sec,Hold_Time_Sec,CSAT_Rating,Status,sim_date,rand_pick
TICK-B0,2027-01-22 00:00:00,Agent_36,Email,General,785,145,4,Dropped,2027-01-22,0.7259431928873652
TICK-B1,2027-01-06 00:00:00,Agent_9,Voice,Billing,251,38,1,Resolved,2027-01-06,0.19126873172946068
TICK-B2,2027-01-10 00:00:00,Agent_15,Voice,Billing,361,60,2,Resolved,2027-01-10,0.301504013513196
TICK-B3,2027-01-16 00:00:00,Agent_25,Chat,Tech Support,566,101,3,Open,2027-01-16,0.5065814531112763
TICK-B4,2027-01-25 00:00:00,Agent_41,Email,General,888,165,5,Dropped,2027-01-25,0.8289820216391746
TICK-B5,2027-01-13 00:00:00,Agent_20,Chat,Tech Support,466,81,3,Open,2027-01-13,0.406254000606871
TICK-B6,2027-01-30 00:00:00,Agent_48,Email,General,1033,194,5,Dropped,2027-01-30,0.9739442729139086
TICK-B7,2027-01-19 00:00:00,Agent_30,Chat,Tech Support,677,123,4,Open,2027-01-19,0.617364802607131
TICK-B8,2027-01-27 00:00:00,Agent_44,Email,General,951,178,5,Dropped,2027-01-27,0.8918531810509682
TICK-B9,2027-01-29 00:00:00,Agent_47,Email,General,1010,190,5,Dropped,2027-01-29,0.9504607923378595
TICK-B10,2027-01-04 00:00:00,Agent_5,Voice,Billing,160,20,1,Resolved,2027-01-04,0.100971594624096
TICK-B11,2027-01-09 00:00:00,Agent_14,Voice,Billing,348,57,2,Resolved,2027-01-09,0.2887934787141394
TICK-B12,2027-01-25 00:00:00,Agent_40,Email,General,874,162,5,Dropped,2027-01-25,0.8141847376603001
TICK-B13,2027-01-01 00:00:00,Agent_0,Voice,Billing,76,3,1,Resolved,2027-01-01,0.01653525859356786
TICK-B14,2027-01-23 00:00:00,Agent_37,Email,General,810,150,4,Dropped,2027-01-23,0.7502843163158346
TICK-B15,2027-01-04 00:00:00,Agent_5,Voice,Billing,177,23,1,Resolved,2027-01-04,0.11735651451752338
TICK-B16,2027-01-21 00:00:00,Agent_33,Email,General,738,135,4,Dropped,2027-01-21,0.678677567824542
TICK-B17,2027-01-26 00:00:00,Agent_41,Email,General,898,167,5,Dropped,2027-01-26,0.8384652013348216
TICK-B18,2027-01-30 00:00:00,Agent_49,Email,General,1046,197,5,Dropped,2027-01-30,0.9867884029334814
TICK-B19,2027-01-15 00:00:00,Agent_23,Chat,Tech Support,529,93,3,Open,2027-01-15,0.4696746062920526
TICK-B20,2027-01-28 00:00:00,Agent_45,Email,General,968,181,5,Dropped,2027-01-28,0.9087728861341089
TICK-B21,2027-01-24 00:00:00,Agent_39,Email,General,842,156,4,Dropped,2027-01-24,0.7827262512781276
TICK-B22,2027-01-30 00:00:00,Agent_49,Email,General,1053,198,5,Dropped,2027-01-30,0.9939939649310139
TICK-B23,2027-01-16 00:00:00,Agent_26,Chat,Tech Support,585,105,3,Open,2027-01-16,0.525344000337912
TICK-B24,2027-01-25 00:00:00,Agent_41,Email,General,888,165,5,Dropped,2027-01-25,0.8286839709281129
TICK-B25,2027-01-30 00:00:00,Agent_49,Email,General,1040,196,5,Dropped,2027-01-30,0.9801325249601441
TICK-B26,2027-01-15 00:00:00,Agent_24,Chat,Tech Support,552,98,3,Open,2027-01-15,0.4923799866227375
TICK-B27,2027-01-09 00:00:00,Agent_13,Voice,Billing,334,54,2,Resolved,2027-01-09,0.274580332908839
TICK-B28,2027-01-02 00:00:00,Agent_3,Voice,Billing,122,12,1,Resolved,2027-01-02,0.06282119504836703
TICK-B29,2027-01-11 00:00:00,Agent_17,Chat,Tech Support,405,69,2,Open,2027-01-11,0.3453028272153158
TICK-B30,2027-01-27 00:00:00,Agent_44,Email,General,948,177,5,Dropped,2027-01-27,0.8888877748385823
TICK-B31,2027-01-05 00:00:00,Agent_7,Voice,Billing,208,29,1,Resolved,2027-01-05,0.1482423700081259
TICK-B32,2027-01-17 00:00:00,Agent_27,Chat,Tech Support,605,109,3,Open,2027-01-17,0.5455784457473619
TICK-B33,2027-01-24 00:00:00,Agent_39,Email,General,852,158,4,Dropped,2027-01-24,0.7925120577119851
TICK-B34,2027-01-08 00:00:00,Agent_12,Voice,Billing,318,51,2,Resolved,2027-01-08,0.25817623848447147
TICK-B35,2027-01-14 00:00:00,Agent_22,Chat,Tech Support,517,91,3,Open,2027-01-14,0.4577660925345617
TICK-B36,2027-01-06 00:00:00,Agent_9,Voice,Billing,254,38,1,Resolved,2027-01-06,0.1944939410746127
TICK-B37,2027-01-13 00:00:00,Agent_20,Chat,Tech Support,470,82,3,Open,2027-01-13,0.41032885908878647
TICK-B38,2027-01-30 00:00:00,Agent_48,Email,General,1035,195,5,Dropped,2027-01-30,0.9754109125725844
TICK-B39,2027-01-15 00:00:00,Agent_24,Chat,Tech Support,552,98,3,Open,2027-01-15,0.49271364118660155
TICK-B40,2027-01-09 00:00:00,Agent_14,Voice,Billing,349,57,2,Resolved,2027-01-09,0.2893494510592728
TICK-B41,2027-01-03 00:00:00,Agent_4,Voice,Billing,150,18,1,Resolved,2027-01-03,0.09084497600007335
TICK-B42,2027-01-17 00:00:00,Agent_27,Chat,Tech Support,607,109,3,Open,2027-01-17,0.5479225916096713
TICK-B43,2027-01-21 00:00:00,Agent_34,Email,General,758,139,4,Dropped,2027-01-21,0.6986263082519114
TICK-B44,2027-01-30 00:00:00,Agent_48,Email,General,1027,193,5,Dropped,2027-01-30,0.9676242524648718
TICK-B45,2027-01-16 00:00:00,Agent_25,Chat,Tech Support,578,103,3,Open,2027-01-16,0.5189766121802293
TICK-B46,2027-01-28 00:00:00,Agent_46,Email,General,989,185,5,Dropped,2027-01-28,0.9293734534834355
TICK-B47,2027-01-07 00:00:00,Agent_10,Voice,Billing,267,41,2,Resolved,2027-01-07,0.20711105758129467
TICK-B48,2027-01-11 00:00:00,Agent_16,Chat,Tech Support,399,67,2,Open,2027-01-11,0.3394218185410445
TICK-B49,2027-01-10 00:00:00,Agent_15,Voice,Billing,361,60,2,Resolved,2027-01-10,0.3013366795758492
TICK-B50,2027-01-18 00:00:00,Agent_29,Chat,Tech Support,652,118,3,Open,2027-01-18,0.5925995615934189
TICK-B51,2027-01-11 00:00:00,Agent_17,Chat,Tech Support,400,68,2,Open,2027-01-11,0.34027111713607094
TICK-B52,2027-01-11 00:00:00,Agent_17,Chat,Tech Support,418,71,2,Open,2027-01-11,0.35829713320026657
TICK-B53,2027-01-04 00:00:00,Agent_6,Voice,Billing,190,26,1,Resolved,2027-01-04,0.13090763763487379
TICK-B54,2027-01-23 00:00:00,Agent_37,Email,General,812,150,4,Dropped,2027-01-23,0.7529395580434362
TICK-B55,2027-01-14 00:00:00,Agent_21,Chat,Tech Support,495,87,3,Open,2027-01-14,0.43587363755373487
TICK-B56,2027-01-20 00:00:00,Agent_33,Chat,Tech Support,725,133,4,Open,2027-01-20,0.6656318876827545
TICK-B57,2027-01-14 00:00:00,Agent_23,Chat,Tech Support,520,92,3,Open,2027-01-14,0.46069413455182207
TICK-B58,2027-01-10 00:00:00,Agent_15,Voice,Billing,366,61,2,Resolved,2027-01-10,0.30602625230386127
TICK-B59,2027-01-26 00:00:00,Agent_41,Email,General,895,167,5,Dropped,2027-01-26,0.8359456954141482
TICK-B60,2027-01-22 00:00:00,Agent_36,Email,General,793,146,4,Dropped,2027-01-22,0.7330329115062642
TICK-B61,2027-01-29 00:00:00,Agent_48,Email,General,1023,192,5,Dropped,2027-01-29,0.9637336951973111
TICK-B62,2027-01-18 00:00:00,Agent_28,Chat,Tech Support,639,115,3,Open,2027-01-18,0.5792389958078837
TICK-B63,2027-01-16 00:00:00,Agent_26,Chat,Tech Support,585,105,3,Open,2027-01-16,0.5256415379464042
TICK-B64,2027-01-02 00:00:00,Agent_2,Voice,Billing,119,11,1,Resolved,2027-01-02,0.059813140245595364
TICK-B65,2027-01-09 00:00:00,Agent_14,Voice,Billing,348,57,2,Resolved,2027-01-09,0.28801377647103965
TICK-B66,2027-01-24 00:00:00,Agent_39,Email,General,847,157,4,Dropped,2027-01-24,0.7879882974155205
TICK-B67,2027-01-06 00:00:00,Agent_9,Voice,Billing,256,39,1,Resolved,2027-01-06,0.19600865978902038
TICK-B68,2027-01-06 00:00:00,Agent_9,Voice,Billing,251,38,1,Resolved,2027-01-06,0.19102447085710383
TICK-B69,2027-01-01 00:00:00,Agent_0,Voice,Billing,62,0,1,Resolved,2027-01-01,0.002257212268500841
TICK-B70,2027-01-08 00:00:00,Agent_12,Voice,Billing,309,49,2,Resolved,2027-01-08,0.2493948642429491
TICK-B71,2027-01-23 00:00:00,Agent_37,Email,General,819,151,4,Dropped,2027-01-23,0.7591035592309805
TICK-B72,2027-01-10 00:00:00,Agent_15,Voice,Billing,368,61,2,Resolved,2027-01-10,0.3083303008162104
TICK-B73,2027-01-09 00:00:00,Agent_13,Voice,Billing,332,54,2,Resolved,2027-01-09,0.27294722539859784
TICK-B74,2027-01-15 00:00:00,Agent_23,Chat,Tech Support,527,93,3,Open,2027-01-15,0.46737224919794873
TICK-B75,2027-01-07 00:00:00,Agent_10,Voice,Billing,272,42,2,Resolved,2027-01-07,0.21276345841472533
TICK-B76,2027-01-20 00:00:00,Agent_32,Chat,Tech Support,712,130,4,Open,2027-01-20,0.652912357920102
TICK-B77,2027-01-07 00:00:00,Agent_11,Voice,Billing,282,44,2,Resolved,2027-01-07,0.22294709158600168
TICK-B78,2027-01-19 00:00:00,Agent_30,Chat,Tech Support,661,120,4,Open,2027-01-19,0.6012403565946141
TICK-B79,2027-01-09 00:00:00,Agent_13,Voice,Billing,333,54,2,Resolved,2027-01-09,0.273346193133414
TICK-B80,2027-01-06 00:00:00,Agent_8,Voice,Billing,235,35,1,Resolved,2027-01-06,0.17569035563360147
TICK-B81,2027-01-18 00:00:00,Agent_28,Chat,Tech Support,637,115,3,Open,2027-01-18,0.5777456089433091
TICK-B82,2027-01-20 00:00:00,Agent_32,Chat,Tech Support,713,130,4,Open,2027-01-20,0.6534665829594191
TICK-B83,2027-01-13 00:00:00,Agent_20,Chat,Tech Support,464,80,3,Open,2027-01-13,0.40445367480568806
TICK-B84,2027-01-11 00:00:00,Agent_18,Chat,Tech Support,421,72,2,Open,2027-01-11,0.36104926249579683
TICK-B85,2027-01-25 00:00:00,Agent_41,Email,General,889,165,5,Dropped,2027-01-25,0.8293360641729687
TICK-B86,2027-01-13 00:00:00,Agent_20,Chat,Tech Support,465,81,3,Open,2027-01-13,0.40542656573676106
TICK-B87,2027-01-22 00:00:00,Agent_35,Email,General,770,142,4,Dropped,2027-01-22,0.7100906478496875
TICK-B88,2027-01-07 00:00:00,Agent_10,Voice,Billing,278,43,2,Resolved,2027-01-07,0.21835841077332907
TICK-B89,2027-01-12 00:00:00,Agent_18,Chat,Tech Support,431,74,2,Open,2027-01-12,0.37178540909604774
TICK-B90,2027-01-28 00:00:00,Agent_46,Email,General,982,184,5,Dropped,2027-01-28,0.9221269489079033
TICK-B91,2027-01-07 00:00:00,Agent_10,Voice,Billing,262,40,2,Resolved,2027-01-07,0.2021960293773294
TICK-B92,2027-01-01 00:00:00,Agent_1,Voice,Billing,90,6,1,Resolved,2027-01-01,0.030651376641189
TICK-B93,2027-01-26 00:00:00,Agent_42,Email,General,912,170,5,Dropped,2027-01-26,0.8526008660058509
TICK-B94,2027-01-16 00:00:00,Agent_25,Chat,Tech Support,579,103,3,Open,2027-01-16,0.5199625688876209
TICK-B95,2027-01-28 00:00:00,Agent_45,Email,General,971,182,5,Dropped,2027-01-28,0.911433596091184
TICK-B96,2027-01-07 00:00:00,Agent_10,Voice,Billing,268,41,2,Resolved,2027-01-07,0.20806085230353366
TICK-B97,2027-01-07 00:00:00,Agent_10,Voice,Billing,263,40,2,Resolved,2027-01-07,0.203635036196267
TICK-B98,2027-01-13 00:00:00,Agent_20,Chat,Tech Support,468,81,3,Open,2027-01-13,0.408135830463658
TICK-B99,2027-01-23 00:00:00,Agent_38,Email,General,826,153,4,Dropped,2027-01-23,0.7661521074900667
TICK-B100,2027-01-17 00:00:00,Agent_28,Chat,Tech Support,622,112,3,Open,2027-01-17,0.5622482928391522
TICK-B101,2027-01-27 00:00:00,Agent_44,Email,General,945,177,5,Dropped,2027-01-27,0.8850846451935156
TICK-B102,2027-01-02 00:00:00,Agent_2,Voice,Billing,113,10,1,Resolved,2027-01-02,0.053322878227050285
TICK-B103,2027-01-25 00:00:00,Agent_40,Email,General,878,163,5,Dropped,2027-01-25,0.8186894892904998
TICK-B104,2027-01-12 00:00:00,Agent_19,Chat,Tech Support,446,77,2,Open,2027-01-12,0.3865839698155945
TICK-B105,2027-01-14 00:00:00,Agent_22,Chat,Tech Support,507,89,3,Open,2027-01-14,0.4477942653477729
TICK-B106,2027-01-02 00:00:00,Agent_2,Voice,Billing,105,9,1,Resolved,2027-01-02,0.04525967611711479
TICK-B107,2027-01-17 00:00:00,Agent_26,Chat,Tech Support,599,107,3,Open,2027-01-17,0.5394173145378426
TICK-B108,2027-01-26 00:00:00,Agent_42,Email,General,918,171,5,Dropped,2027-01-26,0.8582704477725207
TICK-B109,2027-01-21 00:00:00,Agent_33,Email,General,730,134,4,Dropped,2027-01-21,0.6701311296628683
TICK-B110,2027-01-12 00:00:00,Agent_19,Chat,Tech Support,440,76,2,Open,2027-01-12,0.3807124946712883
TICK-B111,2027-01-30 00:00:00,Agent_49,Email,General,1040,196,5,Dropped,2027-01-30,0.9806246065665573
TICK-B112,2027-01-18 00:00:00,Agent_29,Chat,Tech Support,641,116,3,Open,2027-01-18,0.5814763447912726
TICK-B113,2027-01-17 00:00:00,Agent_26,Chat,Tech Support,597,107,3,Open,2027-01-17,0.5376989073855875
TICK-B114,2027-01-06 00:00:00,Agent_9,Voice,Billing,257,39,1,Resolved,2027-01-06,0.19772821851940026
TICK-B115,2027-01-22 00:00:00,Agent_35,Email,General,778,143,4,Dropped,2027-01-22,0.7183575982579159
TICK-B116,2027-01-27 00:00:00,Agent_43,Email,General,933,174,5,Dropped,2027-01-27,0.8730872211603308
TICK-B117,2027-01-22 00:00:00,Agent_35,Email,General,766,141,4,Dropped,2027-01-22,0.7060549271895329
TICK-B118,2027-01-29 00:00:00,Agent_47,Email,General,1000,188,5,Dropped,2027-01-29,0.9400381954871178
TICK-B119,2027-01-03 00:00:00,Agent_3,Voice,Billing,139,15,1,Resolved,2027-01-03,0.07910110014620275
TICK-B120,2027-01-16 00:00:00,Agent_26,Chat,Tech Support,587,105,3,Open,2027-01-16,0.5272872109133874
TICK-B121,2027-01-05 00:00:00,Agent_7,Voice,Billing,210,30,1,Resolved,2027-01-05,0.1504831252082348
TICK-B122,2027-01-25 00:00:00,Agent_41,Email,General,882,164,5,Dropped,2027-01-25,0.8228722636516628
TICK-B123,2027-01-30 00:00:00,Agent_48,Email,General,1030,194,5,Dropped,2027-01-30,0.9706214512679748
TICK-B124,2027-01-15 00:00:00,Agent_24,Chat,Tech Support,544,96,3,Open,2027-01-15,0.4845504756871786
TICK-B125,2027-01-05 00:00:00,Agent_6,Voice,Billing,195,27,1,Resolved,2027-01-05,0.13512906881084752
TICK-B126,2027-01-14 00:00:00,Agent_22,Chat,Tech Support,515,91,3,Open,2027-01-14,0.4551194562122599
TICK-B127,2027-01-26 00:00:00,Agent_41,Email,General,896,167,5,Dropped,2027-01-26,0.8363371661766236
TICK-B128,2027-01-16 00:00:00,Agent_25,Chat,Tech Support,572,102,3,Open,2027-01-16,0.5124529539035454
TICK-B129,2027-01-21 00:00:00,Agent_33,Email,General,738,135,4,Dropped,2027-01-21,0.6789975083892821
TICK-B130,2027-01-27 00:00:00,Agent_44,Email,General,953,178,5,Dropped,2027-01-27,0.8936692816514556
TICK-B131,2027-01-03 00:00:00,Agent_4,Voice,Billing,147,17,1,Resolved,2027-01-03,0.08745108938145052
TICK-B132,2027-01-26 00:00:00,Agent_41,Email,General,898,167,5,Dropped,2027-01-26,0.8383943528133664
TICK-B133,2027-01-04 00:00:00,Agent_6,Voice,Billing,185,25,1,Resolved,2027-01-04,0.12527645181424185
TICK-B134,2027-01-20 00:00:00,Agent_32,Chat,Tech Support,707,129,4,Open,2027-01-20,0.6472445662615484
TICK-B135,2027-01-21 00:00:00,Agent_34,Email,General,742,136,4,Dropped,2027-01-21,0.6829453640759716
TICK-B136,2027-01-13 00:00:00,Agent_20,Chat,Tech Support,477,83,3,Open,2027-01-13,0.41746944168814404
TICK-B137,2027-01-15 00:00:00,Agent_23,Chat,Tech Support,536,95,3,Open,2027-01-15,0.4769289903458833
TICK-B138,2027-01-12 00:00:00,Agent_19,Chat,Tech Support,454,78,2,Open,2027-01-12,0.3943280049637842
TICK-B139,2027-01-15 00:00:00,Agent_24,Chat,Tech Support,552,98,3,Open,2027-01-15,0.49214569317761236
TICK-B140,2027-01-12 00:00:00,Agent_18,Chat,Tech Support,436,75,2,Open,2027-01-12,0.37669019457054775
TICK-B141,2027-01-18 00:00:00,Agent_29,Chat,Tech Support,654,118,3,Open,2027-01-18,0.5947067339069513
TICK-B142,2027-01-29 00:00:00,Agent_47,Email,General,1014,190,5,Dropped,2027-01-29,0.9540857418576966
TICK-B143,2027-01-30 00:00:00,Agent_48,Email,General,1034,194,5,Dropped,2027-01-30,0.974480711030077
TICK-B144,2027-01-29 00:00:00,Agent_47,Email,General,1006,189,5,Dropped,2027-01-29,0.9460777555071919
TICK-B145,2027-01-07 00:00:00,Agent_10,Voice,Billing,269,41,2,Resolved,2027-01-07,0.2090043269939491
TICK-B146,2027-01-09 00:00:00,Agent_13,Voice,Billing,329,53,2,Resolved,2027-01-09,0.26956304467193104
TICK-B147,2027-01-09 00:00:00,Agent_14,Voice,Billing,345,57,2,Resolved,2027-01-09,0.28516781902342325
TICK-B148,2027-01-04 00:00:00,Agent_5,Voice,Billing,168,21,1,Resolved,2027-01-04,0.10841121113908203
TICK-B149,2027-01-15 00:00:00,Agent_24,Chat,Tech Support,544,96,3,Open,2027-01-15,0.484676576120172
TICK-B150,2027-01-06 00:00:00,Agent_8,Voice,Billing,227,33,1,Resolved,2027-01-06,0.1675432503201576
TICK-B151,2027-01-11 00:00:00,Agent_18,Chat,Tech Support,425,73,2,Open,2027-01-11,0.36586614304118925
TICK-B152,2027-01-20 00:00:00,Agent_31,Chat,Tech Support,697,127,4,Open,2027-01-20,0.6371127424043803
TICK-B153,2027-01-02 00:00:00,Agent_2,Voice,Billing,107,9,1,Resolved,2027-01-02,0.04748737531973635
TICK-B154,2027-01-27 00:00:00,Agent_44,Email,General,954,178,5,Dropped,2027-01-27,0.8945381179644145
TICK-B155,2027-01-13 00:00:00,Agent_20,Chat,Tech Support,470,82,3,Open,2027-01-13,0.4102666697502918
TICK-B156,2027-01-15 00:00:00,Agent_23,Chat,Tech Support,536,95,3,Open,2027-01-15,0.47608801091142827
TICK-B157,2027-01-01 00:00:00,Agent_0,Voice,Billing,61,0,1,Resolved,2027-01-01,0.0018753220725010733
TICK-B158,2027-01-27 00:00:00,Agent_44,Email,General,947,177,5,Dropped,2027-01-27,0.8871521565769076
TICK-B159,2027-01-15 00:00:00,Agent_23,Chat,Tech Support,530,94,3,Open,2027-01-15,0.47006740914181266
TICK-B160,2027-01-23 00:00:00,Agent_38,Email,General,820,152,4,Dropped,2027-01-23,0.760817506958236
TICK-B161,2027-01-20 00:00:00,Agent_32,Chat,Tech Support,708,129,4,Open,2027-01-20,0.6485997712326171
TICK-B162,2027-01-13 00:00:00,Agent_20,Chat,Tech Support,466,81,3,Open,2027-01-13,0.40632940873759593
TICK-B163,2027-01-20 00:00:00,Agent_32,Chat,Tech Support,701,128,4,Open,2027-01-20,0.641399109600879
TICK-B164,2027-01-29 00:00:00,Agent_46,Email,General,997,187,5,Dropped,2027-01-29,0.9379258483311332
TICK-B165,2027-01-07 00:00:00,Agent_11,Voice,Billing,292,46,2,Resolved,2027-01-07,0.23247799771888944
TICK-B166,2027-01-21 00:00:00,Agent_34,Email,General,746,137,4,Dropped,2027-01-21,0.6860169121113893
TICK-B167,2027-01-19 00:00:00,Agent_31,Chat,Tech Support,690,126,4,Open,2027-01-19,0.6308942746803612
TICK-B168,2027-01-25 00:00:00,Agent_41,Email,General,881,164,5,Dropped,2027-01-25,0.8210851419746756
TICK-B169,2027-01-04 00:00:00,Agent_6,Voice,Billing,180,24,1,Resolved,2027-01-04,0.12086974177804855
TICK-B170,2027-01-24 00:00:00,Agent_39,Email,General,858,159,4,Dropped,2027-01-24,0.7989509246322108
TICK-B171,2027-01-13 00:00:00,Agent_20,Chat,Tech Support,471,82,3,Open,2027-01-13,0.41130726326252376
TICK-B172,2027-01-28 00:00:00,Agent_45,Email,General,979,183,5,Dropped,2027-01-28,0.9199936222125661
TICK-B173,2027-01-02 00:00:00,Agent_2,Voice,Billing,111,10,1,Resolved,2027-01-02,0.051727497977967274
TICK-B174,2027-01-07 00:00:00,Agent_11,Voice,Billing,284,44,2,Resolved,2027-01-07,0.22412762802426256
TICK-B175,2027-01-20 00:00:00,Agent_32,Chat,Tech Support,715,131,4,Open,2027-01-20,0.6557771924308804
TICK-B176,2027-01-17 00:00:00,Agent_27,Chat,Tech Support,619,111,3,Open,2027-01-17,0.5597545755342737
TICK-B177,2027-01-09 00:00:00,Agent_14,Voice,Billing,346,57,2,Resolved,2027-01-09,0.2868258771509036
TICK-B178,2027-01-06 00:00:00,Agent_9,Voice,Billing,250,38,1,Resolved,2027-01-06,0.19062163187931536
TICK-B179,2027-01-10 00:00:00,Agent_16,Voice,Billing,385,65,2,Resolved,2027-01-10,0.32562259681327343
TICK-B180,2027-01-17 00:00:00,Agent_27,Chat,Tech Support,607,109,3,Open,2027-01-17,0.5479812169961296
TICK-B181,2027-01-26 00:00:00,Agent_42,Email,General,901,168,5,Dropped,2027-01-26,0.8418475568039632
TICK-B182,2027-01-05 00:00:00,Agent_7,Voice,Billing,209,29,1,Resolved,2027-01-05,0.14993094478025593
TICK-B183,2027-01-22 00:00:00,Agent_35,Email,General,772,142,4,Dropped,2027-01-22,0.7128584727038791
TICK-B184,2027-01-10 00:00:00,Agent_15,Voice,Billing,364,60,2,Resolved,2027-01-10,0.3049153057381132
TICK-B185,2027-01-26 00:00:00,Agent_41,Email,General,895,167,5,Dropped,2027-01-26,0.8358320091477573
TICK-B186,2027-01-10 00:00:00,Agent_16,Voice,Billing,387,65,2,Resolved,2027-01-10,0.3279158782363156
TICK-B187,2027-01-22 00:00:00,Agent_36,Email,General,788,145,4,Dropped,2027-01-22,0.728039955753933
TICK-B188,2027-01-12 00:00:00,Agent_19,Chat,Tech Support,441,76,2,Open,2027-01-12,0.3813482756082399
TICK-B189,2027-01-10 00:00:00,Agent_16,Voice,Billing,391,66,2,Resolved,2027-01-10,0.33127991988813155
TICK-B190,2027-01-04 00:00:00,Agent_6,Voice,Billing,182,24,1,Resolved,2027-01-04,0.12231073363961187
TICK-B191,2027-01-21 00:00:00,Agent_34,Email,General,757,139,4,Dropped,2027-01-21,0.697212466531594
TICK-B192,2027-01-15 00:00:00,Agent_24,Chat,Tech Support,558,99,3,Open,2027-01-15,0.4989077386589278
TICK-B193,2027-01-05 00:00:00,Agent_6,Voice,Billing,198,27,1,Resolved,2027-01-05,0.13837673883120316
TICK-B194,2027-01-14 00:00:00,Agent_22,Chat,Tech Support,512,90,3,Open,2027-01-14,0.45224932083370684
TICK-B195,2027-01-14 00:00:00,Agent_22,Chat,Tech Support,505,89,3,Open,2027-01-14,0.44589791106908794
TICK-B196,2027-01-17 00:00:00,Agent_26,Chat,Tech Support,598,107,3,Open,2027-01-17,0.5381349200618174
TICK-B197,2027-01-14 00:00:00,Agent_22,Chat,Tech Support,518,91,3,Open,2027-01-14,0.45829191775065403
TICK-B198,2027-01-16 00:00:00,Agent_25,Chat,Tech Support,576,103,3,Open,2027-01-16,0.5167039289806536
TICK-B199,2027-01-02 00:00:00,Agent_2,Voice,Billing,110,10,1,Resolved,2027-01-02,0.05027880098425708
TICK-B200,2027-01-03 00:00:00,Agent_4,Voice,Billing,154,18,1,Resolved,2027-01-03,0.09495592484462734
TICK-B201,2027-01-29 00:00:00,Agent_48,Email,General,1024,192,5,Dropped,2027-01-29,0.9642546941044099
TICK-B202,2027-01-07 00:00:00,Agent_10,Voice,Billing,272,42,2,Resolved,2027-01-07,0.21236376948380487
TICK-B203,2027-01-09 00:00:00,Agent_14,Voice,Billing,347,57,2,Resolved,2027-01-09,0.28794338529655095
TICK-B204,2027-01-05 00:00:00,Agent_8,Voice,Billing,221,32,1,Resolved,2027-01-05,0.16151358522189418
TICK-B205,2027-01-06 00:00:00,Agent_9,Voice,Billing,251,38,1,Resolved,2027-01-06,0.19179624555629093
TICK-B206,2027-01-08 00:00:00,Agent_11,Voice,Billing,295,47,2,Resolved,2027-01-08,0.23577274336350573
TICK-B207,2027-01-02 00:00:00,Agent_2,Voice,Billing,103,8,1,Resolved,2027-01-02,0.043125371028320925
TICK-B208,2027-01-28 00:00:00,Agent_46,Email,General,983,184,5,Dropped,2027-01-28,0.9232307868849778
TICK-B209,2027-01-01 00:00:00,Agent_0,Voice,Billing,66,1,1,Resolved,2027-01-01,0.006112470757757338
TICK-B210,2027-01-04 00:00:00,Agent_6,Voice,Billing,188,25,1,Resolved,2027-01-04,0.12886448285813423
TICK-B211,2027-01-09 00:00:00,Agent_13,Voice,Billing,329,53,2,Resolved,2027-01-09,0.26978356181849705
TICK-B212,2027-01-26 00:00:00,Agent_42,Email,General,918,171,5,Dropped,2027-01-26,0.8584805491338751
TICK-B213,2027-01-01 00:00:00,Agent_1,Voice,Billing,88,5,1,Resolved,2027-01-01,0.028350954740905654
TICK-B214,2027-01-27 00:00:00,Agent_44,Email,General,955,179,5,Dropped,2027-01-27,0.895325204221745
TICK-B215,2027-01-27 00:00:00,Agent_44,Email,General,956,179,5,Dropped,2027-01-27,0.8962474870644523
TICK-B216,2027-01-26 00:00:00,Agent_42,Email,General,905,169,5,Dropped,2027-01-26,0.8450939206240674
TICK-B217,2027-01-14 00:00:00,Agent_21,Chat,Tech Support,498,87,3,Open,2027-01-14,0.43863984138044365
TICK-B218,2027-01-15 00:00:00,Agent_23,Chat,Tech Support,536,95,3,Open,2027-01-15,0.4766956068513405
TICK-B219,2027-01-16 00:00:00,Agent_26,Chat,Tech Support,585,105,3,Open,2027-01-16,0.5256272256671357
TICK-B220,2027-01-22 00:00:00,Agent_35,Email,General,766,141,4,Dropped,2027-01-22,0.7063956548728125
TICK-B221,2027-01-08 00:00:00,Agent_12,Voice,Billing,302,48,2,Resolved,2027-01-08,0.24289135455087163
TICK-B222,2027-01-18 00:00:00,Agent_28,Chat,Tech Support,629,113,3,Open,2027-01-18,0.5699634604889018
TICK-B223,2027-01-19 00:00:00,Agent_30,Chat,Tech Support,671,122,4,Open,2027-01-19,0.6111835946497781
TICK-B224,2027-01-29 00:00:00,Agent_48,Email,General,1024,192,5,Dropped,2027-01-29,0.9641410043525636
TICK-B225,2027-01-23 00:00:00,Agent_37,Email,General,814,150,4,Dropped,2027-01-23,0.7542817333646588
TICK-B226,2027-01-24 00:00:00,Agent_38,Email,General,837,155,4,Dropped,2027-01-24,0.7778425653256817
TICK-B227,2027-01-27 00:00:00,Agent_43,Email,General,938,175,5,Dropped,2027-01-27,0.8781799610191683
TICK-B228,2027-01-10 00:00:00,Agent_15,Voice,Billing,376,63,2,Resolved,2027-01-10,0.31645371157300517
TICK-B229,2027-01-16 00:00:00,Agent_25,Chat,Tech Support,569,101,3,Open,2027-01-16,0.5098273088292348
TICK-B230,2027-01-04 00:00:00,Agent_5,Voice,Billing,165,21,1,Resolved,2027-01-04,0.10532696110469986
TICK-B231,2027-01-25 00:00:00,Agent_40,Email,General,879,163,5,Dropped,2027-01-25,0.8190401261473321
TICK-B232,2027-01-10 00:00:00,Agent_15,Voice,Billing,377,63,2,Resolved,2027-01-10,0.31758340601453205
TICK-B233,2027-01-16 00:00:00,Agent_26,Chat,Tech Support,581,104,3,Open,2027-01-16,0.5212660538754671
TICK-B234,2027-01-17 00:00:00,Agent_26,Chat,Tech Support,595,107,3,Open,2027-01-17,0.535018363842334
TICK-B235,2027-01-06 00:00:00,Agent_8,Voice,Billing,229,33,1,Resolved,2027-01-06,0.16983687873914388
TICK-B236,2027-01-02 00:00:00,Agent_3,Voice,Billing,120,12,1,Resolved,2027-01-02,0.06078825043840452
TICK-B237,2027-01-19 00:00:00,Agent_30,Chat,Tech Support,677,123,4,Open,2027-01-19,0.6170988386506836
TICK-B238,2027-01-05 00:00:00,Agent_7,Voice,Billing,203,28,1,Resolved,2027-01-05,0.1437690241407541
TICK-B239,2027-01-16 00:00:00,Agent_26,Chat,Tech Support,593,106,3,Open,2027-01-16,0.5332539011299349
TICK-B240,2027-01-09 00:00:00,Agent_14,Voice,Billing,359,59,2,Resolved,2027-01-09,0.2996674453828704
TICK-B241,2027-01-26 00:00:00,Agent_43,Email,General,923,172,5,Dropped,2027-01-26,0.8633391238807671
TICK-B242,2027-01-02 00:00:00,Agent_2,Voice,Billing,111,10,1,Resolved,2027-01-02,0.05131769345748449
TICK-B243,2027-01-16 00:00:00,Agent_25,Chat,Tech Support,573,102,3,Open,2027-01-16,0.5138817240649101
TICK-B244,2027-01-02 00:00:00,Agent_2,Voice,Billing,118,11,1,Resolved,2027-01-02,0.058549182363859975
TICK-B245,2027-01-05 00:00:00,Agent_6,Voice,Billing,193,26,1,Resolved,2027-01-05,0.13341275684583487
TICK-B246,2027-01-17 00:00:00,Agent_27,Chat,Tech Support,600,108,3,Open,2027-01-17,0.5403234273726326
TICK-B247,2027-01-30 00:00:00,Agent_49,Email,General,1041,196,5,Dropped,2027-01-30,0.9815819312787217
TICK-B248,2027-01-28 00:00:00,Agent_46,Email,General,987,185,5,Dropped,2027-01-28,0.9270662227192439
TICK-B249,2027-01-22 00:00:00,Agent_35,Email,General,762,140,4,Dropped,2027-01-22,0.7029653886601547
TICK-B250,2027-01-16 00:00:00,Agent_25,Chat,Tech Support,571,102,3,Open,2027-01-16,0.5113496403125687
TICK-B251,2027-01-05 00:00:00,Agent_7,Voice,Billing,210,30,1,Resolved,2027-01-05,0.15015918665859063
TICK-B252,2027-01-17 00:00:00,Agent_26,Chat,Tech Support,594,106,3,Open,2027-01-17,0.5344447176761207
TICK-B253,2027-01-28 00:00:00,Agent_45,Email,General,972,182,5,Dropped,2027-01-28,0.9125694088573566
TICK-B254,2027-01-12 00:00:00,Agent_19,Chat,Tech Support,458,79,2,Open,2027-01-12,0.3986564505783141
TICK-B255,2027-01-03 00:00:00,Agent_4,Voice,Billing,157,19,1,Resolved,2027-01-03,0.09790397880967527
TICK-B256,2027-01-02 00:00:00,Agent_2,Voice,Billing,109,9,1,Resolved,2027-01-02,0.04962238625540438
TICK-B257,2027-01-05 00:00:00,Agent_7,Voice,Billing,202,28,1,Resolved,2027-01-05,0.14200691257553066
TICK-B258,2027-01-15 00:00:00,Agent_23,Chat,Tech Support,535,95,3,Open,2027-01-15,0.4754062070765239
TICK-B259,2027-01-10 00:00:00,Agent_16,Voice,Billing,393,66,2,Resolved,2027-01-10,0.33313091270601203
TICK-B260,2027-01-26 00:00:00,Agent_42,Email,General,913,170,5,Dropped,2027-01-26,0.8530132694022966
TICK-B261,2027-01-24 00:00:00,Agent_38,Email,General,830,154,4,Dropped,2027-01-24,0.7707710704769315
TICK-B262,2027-01-13 00:00:00,Agent_21,Chat,Tech Support,492,86,3,Open,2027-01-13,0.43296379616168634
TICK-B263,2027-01-04 00:00:00,Agent_5,Voice,Billing,163,20,1,Resolved,2027-01-04,0.10345807016978559
TICK-B264,2027-01-30 00:00:00,Agent_48,Email,General,1037,195,5,Dropped,2027-01-30,0.9776276912753491
TICK-B265,2027-01-23 00:00:00,Agent_37,Email,General,801,148,4,Dropped,2027-01-23,0.7416734924135555
TICK-B266,2027-01-10 00:00:00,Agent_16,Voice,Billing,391,66,2,Resolved,2027-01-10,0.331027920958179
TICK-B267,2027-01-18 00:00:00,Agent_29,Chat,Tech Support,658,119,3,Open,2027-01-18,0.5983899430510465
TICK-B268,2027-01-07 00:00:00,Agent_11,Voice,Billing,282,44,2,Resolved,2027-01-07,0.222785742841634
TICK-B269,2027-01-23 00:00:00,Agent_36,Email,General,798,147,4,Dropped,2027-01-23,0.7389379078336087
TICK-B270,2027-01-28 00:00:00,Agent_45,Email,General,969,181,5,Dropped,2027-01-28,0.9099179343137092
TICK-B271,2027-01-13 00:00:00,Agent_20,Chat,Tech Support,474,82,3,Open,2027-01-13,0.41474917243358256
TICK-B272,2027-01-04 00:00:00,Agent_5,Voice,Billing,172,22,1,Resolved,2027-01-04,0.11273618764595039
TICK-B273,2027-01-03 00:00:00,Agent_4,Voice,Billing,142,16,1,Resolved,2027-01-03,0.0820124913661825
TICK-B274,2027-01-02 00:00:00,Agent_2,Voice,Billing,112,10,1,Resolved,2027-01-02,0.05288864852951736
TICK-B275,2027-01-26 00:00:00,Agent_41,Email,General,895,167,5,Dropped,2027-01-26,0.8353458371008868
TICK-B276,2027-01-08 00:00:00,Agent_12,Voice,Billing,313,50,2,Resolved,2027-01-08,0.25316824576293806
TICK-B277,2027-01-09 00:00:00,Agent_13,Voice,Billing,329,53,2,Resolved,2027-01-09,0.2691775865088344
TICK-B278,2027-01-13 00:00:00,Agent_21,Chat,Tech Support,492,86,3,Open,2027-01-13,0.43236605791083305
TICK-B279,2027-01-25 00:00:00,Agent_41,Email,General,888,165,5,Dropped,2027-01-25,0.8283628237113919
TICK-B280,2027-01-14 00:00:00,Agent_22,Chat,Tech Support,501,88,3,Open,2027-01-14,0.4418192096231457
TICK-B281,2027-01-13 00:00:00,Agent_21,Chat,Tech Support,485,85,3,Open,2027-01-13,0.4259240993749721
TICK-B282,2027-01-05 00:00:00,Agent_7,Voice,Billing,204,28,1,Resolved,2027-01-05,0.1447239932350458
TICK-B283,2027-01-11 00:00:00,Agent_17,Chat,Tech Support,402,68,2,Open,2027-01-11,0.3425430143871765
TICK-B284,2027-01-26 00:00:00,Agent_42,Email,General,919,171,5,Dropped,2027-01-26,0.8592976442750888
TICK-B285,2027-01-28 00:00:00,Agent_46,Email,General,986,185,5,Dropped,2027-01-28,0.9269788495770094
TICK-B286,2027-01-08 00:00:00,Agent_12,Voice,Billing,305,49,2,Resolved,2027-01-08,0.24548933915940863
TICK-B287,2027-01-28 00:00:00,Agent_45,Email,General,971,182,5,Dropped,2027-01-28,0.9115113692387566
TICK-B288,2027-01-26 00:00:00,Agent_42,Email,General,900,168,5,Dropped,2027-01-26,0.8402456782154392
TICK-B289,2027-01-16 00:00:00,Agent_25,Chat,Tech Support,564,100,3,Open,2027-01-16,0.5045754279096776
TICK-B290,2027-01-25 00:00:00,Agent_40,Email,General,868,161,5,Dropped,2027-01-25,0.8087971404933563
TICK-B291,2027-01-30 00:00:00,Agent_48,Email,General,1031,194,5,Dropped,2027-01-30,0.9711355861258583
TICK-B292,2027-01-16 00:00:00,Agent_26,Chat,Tech Support,587,105,3,Open,2027-01-16,0.527590518495068
TICK-B293,2027-01-20 00:00:00,Agent_33,Chat,Tech Support,724,132,4,Open,2027-01-20,0.6644890689190267
TICK-B294,2027-01-14 00:00:00,Agent_22,Chat,Tech Support,513,90,3,Open,2027-01-14,0.4535529745167636
TICK-B295,2027-01-11 00:00:00,Agent_17,Chat,Tech Support,413,70,2,Open,2027-01-11,0.35336337196315926
TICK-B296,2027-01-20 00:00:00,Agent_32,Chat,Tech Support,719,131,4,Open,2027-01-20,0.6591187486784152
TICK-B297,2027-01-04 00:00:00,Agent_6,Voice,Billing,182,24,1,Resolved,2027-01-04,0.12264365967010527
TICK-B298,2027-01-23 00:00:00,Agent_37,Email,General,818,151,4,Dropped,2027-01-23,0.7582595617579783
TICK-B299,2027-01-02 00:00:00,Agent_3,Voice,Billing,125,13,1,Resolved,2027-01-02,0.06555354685233361
TICK-B300,2027-01-19 00:00:00,Agent_31,Chat,Tech Support,687,125,4,Open,2027-01-19,0.627591724793359
TICK-B301,2027-01-14 00:00:00,Agent_22,Chat,Tech Support,513,90,3,Open,2027-01-14,0.4539768179056317
TICK-B302,2027-01-27 00:00:00,Agent_44,Email,General,942,176,5,Dropped,2027-01-27,0.8825168645534359
TICK-B303,2027-01-04 00:00:00,Agent_6,Voice,Billing,190,26,1,Resolved,2027-01-04,0.13079401885078523
TICK-B304,2027-01-21 00:00:00,Agent_33,Email,General,737,135,4,Dropped,2027-01-21,0.6772291861112792
TICK-B305,2027-01-19 00:00:00,Agent_31,Chat,Tech Support,686,125,4,Open,2027-01-19,0.6266493329227849
TICK-B306,2027-01-15 00:00:00,Agent_24,Chat,Tech Support,547,97,3,Open,2027-01-15,0.4875503807511007
TICK-B307,2027-01-20 00:00:00,Agent_32,Chat,Tech Support,710,130,4,Open,2027-01-20,0.6501980638100595
TICK-B308,2027-01-28 00:00:00,Agent_45,Email,General,974,182,5,Dropped,2027-01-28,0.9142850560143388
TICK-B309,2027-01-26 00:00:00,Agent_43,Email,General,926,173,5,Dropped,2027-01-26,0.8664125428483715
TICK-B310,2027-01-16 00:00:00,Agent_25,Chat,Tech Support,561,100,3,Open,2027-01-16,0.5012138554699536
TICK-B311,2027-01-08 00:00:00,Agent_12,Voice,Billing,309,49,2,Resolved,2027-01-08,0.24929848692139833
TICK-B312,2027-01-22 00:00:00,Agent_36,Email,General,787,145,4,Dropped,2027-01-22,0.727511717110593
TICK-B313,2027-01-02 00:00:00,Agent_1,Voice,Billing,98,7,1,Resolved,2027-01-02,0.038160815803296666
TICK-B314,2027-01-16 00:00:00,Agent_25,Chat,Tech Support,577,103,3,Open,2027-01-16,0.5175256740588535
TICK-B315,2027-01-28 00:00:00,Agent_45,Email,General,979,183,5,Dropped,2027-01-28,0.9196436780108811
TICK-B316,2027-01-24 00:00:00,Agent_38,Email,General,838,155,4,Dropped,2027-01-24,0.778189211927577
TICK-B317,2027-01-09 00:00:00,Agent_14,Voice,Billing,354,58,2,Resolved,2027-01-09,0.2947733539096712
TICK-B318,2027-01-06 00:00:00,Agent_9,Voice,Billing,250,38,1,Resolved,2027-01-06,0.1904407935326361
TICK-B319,2027-01-23 00:00:00,Agent_38,Email,General,821,152,4,Dropped,2027-01-23,0.761114796825866
TICK-B320,2027-01-15 00:00:00,Agent_24,Chat,Tech Support,555,99,3,Open,2027-01-15,0.4951438739212245
TICK-B321,2027-01-13 00:00:00,Agent_20,Chat,Tech Support,479,83,3,Open,2027-01-13,0.419734787900057
TICK-B322,2027-01-25 00:00:00,Agent_41,Email,General,888,165,5,Dropped,2027-01-25,0.8289621503597961
TICK-B323,2027-01-07 00:00:00,Agent_11,Voice,Billing,283,44,2,Resolved,2027-01-07,0.2235213023235888
TICK-B324,2027-01-03 00:00:00,Agent_4,Voice,Billing,145,17,1,Resolved,2027-01-03,0.08560252461518547
TICK-B325,2027-01-12 00:00:00,Agent_18,Chat,Tech Support,428,73,2,Open,2027-01-12,0.368900084160516
TICK-B326,2027-01-15 00:00:00,Agent_24,Chat,Tech Support,544,96,3,Open,2027-01-15,0.48488068977269216
TICK-B327,2027-01-06 00:00:00,Agent_9,Voice,Billing,251,38,1,Resolved,2027-01-06,0.1918505214215035
TICK-B328,2027-01-25 00:00:00,Agent_41,Email,General,888,165,5,Dropped,2027-01-25,0.8288964548823665
TICK-B329,2027-01-11 00:00:00,Agent_16,Chat,Tech Support,396,67,2,Open,2027-01-11,0.3362586593403617
TICK-B330,2027-01-20 00:00:00,Agent_33,Chat,Tech Support,722,132,4,Open,2027-01-20,0.6626850941204104
TICK-B331,2027-01-10 00:00:00,Agent_16,Voice,Billing,387,65,2,Resolved,2027-01-10,0.32770050765102254
TICK-B332,2027-01-17 00:00:00,Agent_27,Chat,Tech Support,603,108,3,Open,2027-01-17,0.5436104792090805
TICK-B333,2027-01-19 00:00:00,Agent_31,Chat,Tech Support,686,125,4,Open,2027-01-19,0.6266191440076131
TICK-B334,2027-01-16 00:00:00,Agent_26,Chat,Tech Support,580,104,3,Open,2027-01-16,0.5204592546398035
TICK-B335,2027-01-29 00:00:00,Agent_47,Email,General,1015,191,5,Dropped,2027-01-29,0.9557523989786495
TICK-B336,2027-01-15 00:00:00,Agent_24,Chat,Tech Support,547,97,3,Open,2027-01-15,0.4874736705100581
TICK-B337,2027-01-20 00:00:00,Agent_31,Chat,Tech Support,695,127,4,Open,2027-01-20,0.6351786870310859
TICK-B338,2027-01-23 00:00:00,Agent_37,Email,General,805,149,4,Dropped,2027-01-23,0.7450884095460331
TICK-B339,2027-01-14 00:00:00,Agent_22,Chat,Tech Support,516,91,3,Open,2027-01-14,0.4566912694649793
TICK-B340,2027-01-06 00:00:00,Agent_9,Voice,Billing,258,39,1,Resolved,2027-01-06,0.198955143690415
TICK-B341,2027-01-01 00:00:00,Agent_0,Voice,Billing,66,1,1,Resolved,2027-01-01,0.006799463560760999
TICK-B342,2027-01-03 00:00:00,Agent_3,Voice,Billing,138,15,1,Resolved,2027-01-03,0.07813302169844416
TICK-B343,2027-01-18 00:00:00,Agent_29,Chat,Tech Support,652,118,3,Open,2027-01-18,0.5923668484360896
TICK-B344,2027-01-11 00:00:00,Agent_17,Chat,Tech Support,402,68,2,Open,2027-01-11,0.3420301147958358
TICK-B345,2027-01-09 00:00:00,Agent_14,Voice,Billing,346,57,2,Resolved,2027-01-09,0.28685716076744583
TICK-B346,2027-01-09 00:00:00,Agent_14,Voice,Billing,352,58,2,Resolved,2027-01-09,0.2927001275496339
TICK-B347,2027-01-30 00:00:00,Agent_48,Email,General,1037,195,5,Dropped,2027-01-30,0.9777496709022978
TICK-B348,2027-01-14 00:00:00,Agent_22,Chat,Tech Support,518,91,3,Open,2027-01-14,0.45894297015544305
TICK-B349,2027-01-29 00:00:00,Agent_47,Email,General,1005,189,5,Dropped,2027-01-29,0.9459511794918581
TICK-B350,2027-01-08 00:00:00,Agent_12,Voice,Billing,318,51,2,Resolved,2027-01-08,0.25851114529298114
TICK-B351,2027-01-11 00:00:00,Agent_16,Chat,Tech Support,399,67,2,Open,2027-01-11,0.3399006755272501
TICK-B352,2027-01-10 00:00:00,Agent_16,Voice,Billing,387,65,2,Resolved,2027-01-10,0.3274478810880458
TICK-B353,2027-01-28 00:00:00,Agent_45,Email,General,966,181,5,Dropped,2027-01-28,0.9069533094966616
TICK-B354,2027-01-05 00:00:00,Agent_6,Voice,Billing,197,27,1,Resolved,2027-01-05,0.13777695644394483
TICK-B355,2027-01-04 00:00:00,Agent_5,Voice,Billing,166,21,1,Resolved,2027-01-04,0.10621619189675424
TICK-B356,2027-01-19 00:00:00,Agent_31,Chat,Tech Support,686,125,4,Open,2027-01-19,0.62685895707841
TICK-B357,2027-01-17 00:00:00,Agent_27,Chat,Tech Support,604,108,3,Open,2027-01-17,0.5448238752284777
TICK-B358,2027-01-23 00:00:00,Agent_38,Email,General,824,152,4,Dropped,2027-01-23,0.764478724156042
TICK-B359,2027-01-05 00:00:00,Agent_7,Voice,Billing,219,31,1,Resolved,2027-01-05,0.15913055482569172
TICK-B360,2027-01-26 00:00:00,Agent_43,Email,General,924,172,5,Dropped,2027-01-26,0.864331664955523
TICK-B361,2027-01-05 00:00:00,Agent_6,Voice,Billing,199,27,1,Resolved,2027-01-05,0.13966404923119136
TICK-B362,2027-01-21 00:00:00,Agent_34,Email,General,753,138,4,Dropped,2027-01-21,0.6930853436530581
TICK-B363,2027-01-10 00:00:00,Agent_15,Voice,Billing,379,63,2,Resolved,2027-01-10,0.31940475254489
TICK-B364,2027-01-22 00:00:00,Agent_35,Email,General,770,142,4,Dropped,2027-01-22,0.7104867315430925
TICK-B365,2027-01-10 00:00:00,Agent_16,Voice,Billing,381,64,2,Resolved,2027-01-10,0.3218504692818901
TICK-B366,2027-01-05 00:00:00,Agent_7,Voice,Billing,213,30,1,Resolved,2027-01-05,0.1530062839993115
TICK-B367,2027-01-20 00:00:00,Agent_32,Chat,Tech Support,719,131,4,Open,2027-01-20,0.6592505044610699
TICK-B368,2027-01-13 00:00:00,Agent_21,Chat,Tech Support,486,85,3,Open,2027-01-13,0.42617891313520384
TICK-B369,2027-01-20 00:00:00,Agent_33,Chat,Tech Support,720,132,4,Open,2027-01-20,0.6608307522853418
TICK-B370,2027-01-30 00:00:00,Agent_49,Email,General,1055,199,5,Dropped,2027-01-30,0.995640143798808
TICK-B371,2027-01-09 00:00:00,Agent_13,Voice,Billing,338,55,2,Resolved,2027-01-09,0.27868551024034716
TICK-B372,2027-01-27 00:00:00,Agent_44,Email,General,947,177,5,Dropped,2027-01-27,0.8878217928073424
TICK-B373,2027-01-08 00:00:00,Agent_12,Voice,Billing,305,49,2,Resolved,2027-01-08,0.24584473175572807
TICK-B374,2027-01-26 00:00:00,Agent_42,Email,General,907,169,5,Dropped,2027-01-26,0.8471882374372056
TICK-B375,2027-01-04 00:00:00,Agent_5,Voice,Billing,161,20,1,Resolved,2027-01-04,0.10190380737704152
TICK-B376,2027-01-09 00:00:00,Agent_14,Voice,Billing,350,58,2,Resolved,2027-01-09,0.2902596375462928
TICK-B377,2027-01-12 00:00:00,Agent_19,Chat,Tech Support,442,76,2,Open,2027-01-12,0.38237846743249193
TICK-B378,2027-01-22 00:00:00,Agent_36,Email,General,786,145,4,Dropped,2027-01-22,0.726953751103096
TICK-B379,2027-01-18 00:00:00,Agent_28,Chat,Tech Support,631,114,3,Open,2027-01-18,0.5718336167825357
TICK-B380,2027-01-06 00:00:00,Agent_8,Voice,Billing,239,35,1,Resolved,2027-01-06,0.1790366107971516
TICK-B381,2027-01-22 00:00:00,Agent_36,Email,General,780,144,4,Dropped,2027-01-22,0.7203131772671524
TICK-B382,2027-01-30 00:00:00,Agent_48,Email,General,1034,194,5,Dropped,2027-01-30,0.9741477635683805
TICK-B383,2027-01-28 00:00:00,Agent_46,Email,General,990,186,5,Dropped,2027-01-28,0.9304688112723861
TICK-B384,2027-01-21 00:00:00,Agent_34,Email,General,748,137,4,Dropped,2027-01-21,0.6886715595861185
TICK-B385,2027-01-22 00:00:00,Agent_35,Email,General,776,143,4,Dropped,2027-01-22,0.7165408386346528
TICK-B386,2027-01-04 00:00:00,Agent_5,Voice,Billing,161,20,1,Resolved,2027-01-04,0.10160200451094314
TICK-B387,2027-01-24 00:00:00,Agent_39,Email,General,845,157,4,Dropped,2027-01-24,0.7853013621108624
TICK-B388,2027-01-15 00:00:00,Agent_24,Chat,Tech Support,547,97,3,Open,2027-01-15,0.4877771380457374
TICK-B389,2027-01-18 00:00:00,Agent_29,Chat,Tech Support,646,117,3,Open,2027-01-18,0.5862280670108254
TICK-B390,2027-01-11 00:00:00,Agent_18,Chat,Tech Support,420,72,2,Open,2027-01-11,0.36014904111490975
TICK-B391,2027-01-16 00:00:00,Agent_25,Chat,Tech Support,575,103,3,Open,2027-01-16,0.5150514735289267
TICK-B392,2027-01-06 00:00:00,Agent_8,Voice,Billing,233,34,1,Resolved,2027-01-06,0.1730480382274887
TICK-B393,2027-01-22 00:00:00,Agent_35,Email,General,779,143,4,Dropped,2027-01-22,0.7193471191767158
TICK-B394,2027-01-10 00:00:00,Agent_15,Voice,Billing,372,62,2,Resolved,2027-01-10,0.3127368163398231
TICK-B395,2027-01-07 00:00:00,Agent_10,Voice,Billing,268,41,2,Resolved,2027-01-07,0.20833622108700156
TICK-B396,2027-01-30 00:00:00,Agent_48,Email,General,1029,193,5,Dropped,2027-01-30,0.9693788690473847
TICK-B397,2027-01-28 00:00:00,Agent_45,Email,General,970,182,5,Dropped,2027-01-28,0.9101139145417818
TICK-B398,2027-01-29 00:00:00,Agent_47,Email,General,1012,190,5,Dropped,2027-01-29,0.9528642672021752
TICK-B399,2027-01-03 00:00:00,Agent_3,Voice,Billing,130,14,1,Resolved,2027-01-03,0.07008595625902214
TICK-B400,2027-01-25 00:00:00,Agent_41,Email,General,890,166,5,Dropped,2027-01-25,0.8300382699544672
TICK-B401,2027-01-20 00:00:00,Agent_32,Chat,Tech Support,702,128,4,Open,2027-01-20,0.6426262934243512
TICK-B402,2027-01-15 00:00:00,Agent_24,Chat,Tech Support,554,98,3,Open,2027-01-15,0.49408956837995144
TICK-B403,2027-01-10 00:00:00,Agent_16,Voice,Billing,382,64,2,Resolved,2027-01-10,0.3229376882243312
TICK-B404,2027-01-20 00:00:00,Agent_33,Chat,Tech Support,721,132,4,Open,2027-01-20,0.6611228766072639
TICK-B405,2027-01-24 00:00:00,Agent_39,Email,General,847,157,4,Dropped,2027-01-24,0.7877924173397353
TICK-B406,2027-01-25 00:00:00,Agent_40,Email,General,872,162,5,Dropped,2027-01-25,0.8124973572013944
TICK-B407,2027-01-12 00:00:00,Agent_19,Chat,Tech Support,457,79,2,Open,2027-01-12,0.39703141125540964
TICK-B408,2027-01-13 00:00:00,Agent_20,Chat,Tech Support,471,82,3,Open,2027-01-13,0.41137908176600635
TICK-B409,2027-01-06 00:00:00,Agent_9,Voice,Billing,259,39,1,Resolved,2027-01-06,0.19973023014585622
TICK-B410,2027-01-28 00:00:00,Agent_45,Email,General,960,180,5,Dropped,2027-01-28,0.9004903469996463
TICK-B411,2027-01-24 00:00:00,Agent_38,Email,General,829,153,4,Dropped,2027-01-24,0.7697008381215412
TICK-B412,2027-01-28 00:00:00,Agent_46,Email,General,980,184,5,Dropped,2027-01-28,0.920016102073549
TICK-B413,2027-01-15 00:00:00,Agent_23,Chat,Tech Support,531,94,3,Open,2027-01-15,0.4710300296112755
TICK-B414,2027-01-18 00:00:00,Agent_28,Chat,Tech Support,627,113,3,Open,2027-01-18,0.5678919933347092
TICK-B415,2027-01-20 00:00:00,Agent_32,Chat,Tech Support,718,131,4,Open,2027-01-20,0.6589002394232265
TICK-B416,2027-01-21 00:00:00,Agent_34,Email,General,750,138,4,Dropped,2027-01-21,0.6904468629715886
TICK-B417,2027-01-02 00:00:00,Agent_3,Voice,Billing,126,13,1,Resolved,2027-01-02,0.06622453234544923
TICK-B418,2027-01-07 00:00:00,Agent_10,Voice,Billing,274,42,2,Resolved,2027-01-07,0.2145278183457784
TICK-B419,2027-01-18 00:00:00,Agent_28,Chat,Tech Support,633,114,3,Open,2027-01-18,0.5739481894853183
TICK-B420,2027-01-30 00:00:00,Agent_48,Email,General,1027,193,5,Dropped,2027-01-30,0.9675886879440303
TICK-B421,2027-01-07 00:00:00,Agent_11,Voice,Billing,288,45,2,Resolved,2027-01-07,0.22851020702506986
TICK-B422,2027-01-13 00:00:00,Agent_20,Chat,Tech Support,467,81,3,Open,2027-01-13,0.4073830021546847
TICK-B423,2027-01-10 00:00:00,Agent_15,Voice,Billing,379,63,2,Resolved,2027-01-10,0.31957026155075474
TICK-B424,2027-01-04 00:00:00,Agent_5,Voice,Billing,172,22,1,Resolved,2027-01-04,0.11257391667995786
TICK-B425,2027-01-06 00:00:00,Agent_8,Voice,Billing,233,34,1,Resolved,2027-01-06,0.17390553109172113
TICK-B426,2027-01-23 00:00:00,Agent_37,Email,General,801,148,4,Dropped,2027-01-23,0.7412707953259425
TICK-B427,2027-01-02 00:00:00,Agent_2,Voice,Billing,106,9,1,Resolved,2027-01-02,0.04661204268027086
TICK-B428,2027-01-04 00:00:00,Agent_6,Voice,Billing,188,25,1,Resolved,2027-01-04,0.12851995671651628
TICK-B429,2027-01-25 00:00:00,Agent_40,Email,General,869,161,5,Dropped,2027-01-25,0.8094200181794711
TICK-B430,2027-01-27 00:00:00,Agent_44,Email,General,952,178,5,Dropped,2027-01-27,0.8926192946367277
TICK-B431,2027-01-07 00:00:00,Agent_10,Voice,Billing,265,41,2,Resolved,2027-01-07,0.20560510483511574
TICK-B432,2027-01-12 00:00:00,Agent_19,Chat,Tech Support,452,78,2,Open,2027-01-12,0.39211562851548
TICK-B433,2027-01-24 00:00:00,Agent_39,Email,General,847,157,4,Dropped,2027-01-24,0.7874055179328264
TICK-B434,2027-01-26 00:00:00,Agent_43,Email,General,922,172,5,Dropped,2027-01-26,0.8620288612341594
TICK-B435,2027-01-13 00:00:00,Agent_20,Chat,Tech Support,465,81,3,Open,2027-01-13,0.4058100222529484
TICK-B436,2027-01-04 00:00:00,Agent_6,Voice,Billing,187,25,1,Resolved,2027-01-04,0.1274113326237606
TICK-B437,2027-01-21 00:00:00,Agent_34,Email,General,745,137,4,Dropped,2027-01-21,0.6859536316276529
TICK-B438,2027-01-03 00:00:00,Agent_3,Voice,Billing,135,15,1,Resolved,2027-01-03,0.07534165459886277
TICK-B439,2027-01-01 00:00:00,Agent_0,Voice,Billing,79,3,1,Resolved,2027-01-01,0.019002989950209326
TICK-B440,2027-01-11 00:00:00,Agent_17,Chat,Tech Support,413,70,2,Open,2027-01-11,0.3539446625857159
TICK-B441,2027-01-04 00:00:00,Agent_6,Voice,Billing,192,26,1,Resolved,2027-01-04,0.1326771403535113
TICK-B442,2027-01-04 00:00:00,Agent_6,Voice,Billing,186,25,1,Resolved,2027-01-04,0.12649673294196528
TICK-B443,2027-01-06 00:00:00,Agent_9,Voice,Billing,258,39,1,Resolved,2027-01-06,0.19865874201430722
TICK-B444,2027-01-08 00:00:00,Agent_12,Voice,Billing,315,51,2,Resolved,2027-01-08,0.2559201577686451
TICK-B445,2027-01-14 00:00:00,Agent_22,Chat,Tech Support,511,90,3,Open,2027-01-14,0.4514254056580773
TICK-B446,2027-01-01 00:00:00,Agent_1,Voice,Billing,92,6,1,Resolved,2027-01-01,0.032958068206925484
TICK-B447,2027-01-16 00:00:00,Agent_25,Chat,Tech Support,560,100,3,Open,2027-01-16,0.5001425841818307
TICK-B448,2027-01-08 00:00:00,Agent_12,Voice,Billing,301,48,2,Resolved,2027-01-08,0.2414671091198194
TICK-B449,2027-01-24 00:00:00,Agent_39,Email,General,841,156,4,Dropped,2027-01-24,0.7814216683441773
TICK-B450,2027-01-07 00:00:00,Agent_10,Voice,Billing,277,43,2,Resolved,2027-01-07,0.21757664849013625
TICK-B451,2027-01-22 00:00:00,Agent_36,Email,General,783,144,4,Dropped,2027-01-22,0.7237472939607774
TICK-B452,2027-01-14 00:00:00,Agent_21,Chat,Tech Support,499,87,3,Open,2027-01-14,0.43930822012801507
TICK-B453,2027-01-25 00:00:00,Agent_41,Email,General,891,166,5,Dropped,2027-01-25,0.8316383152231002
TICK-B454,2027-01-05 00:00:00,Agent_7,Voice,Billing,212,30,1,Resolved,2027-01-05,0.15281431866622508
TICK-B455,2027-01-23 00:00:00,Agent_37,Email,General,804,148,4,Dropped,2027-01-23,0.7445165863045904
TICK-B456,2027-01-14 00:00:00,Agent_23,Chat,Tech Support,524,92,3,Open,2027-01-14,0.4640285678931465
TICK-B457,2027-01-17 00:00:00,Agent_26,Chat,Tech Support,597,107,3,Open,2027-01-17,0.5370830165708789
TICK-B458,2027-01-21 00:00:00,Agent_34,Email,General,751,138,4,Dropped,2027-01-21,0.6917377084108973
TICK-B459,2027-01-17 00:00:00,Agent_26,Chat,Tech Support,595,107,3,Open,2027-01-17,0.5356002344688336
TICK-B460,2027-01-27 00:00:00,Agent_44,Email,General,957,179,5,Dropped,2027-01-27,0.8978579409891083
TICK-B461,2027-01-27 00:00:00,Agent_44,Email,General,959,179,5,Dropped,2027-01-27,0.8998887166172674
TICK-B462,2027-01-04 00:00:00,Agent_5,Voice,Billing,178,23,1,Resolved,2027-01-04,0.11816794742355374
TICK-B463,2027-01-04 00:00:00,Agent_6,Voice,Billing,182,24,1,Resolved,2027-01-04,0.12255694710731568
TICK-B464,2027-01-23 00:00:00,Agent_36,Email,General,794,146,4,Dropped,2027-01-23,0.7348512476012837
TICK-B465,2027-01-13 00:00:00,Agent_20,Chat,Tech Support,462,80,3,Open,2027-01-13,0.40267882917998066
TICK-B466,2027-01-13 00:00:00,Agent_21,Chat,Tech Support,490,86,3,Open,2027-01-13,0.43093933793541106
TICK-B467,2027-01-17 00:00:00,Agent_28,Chat,Tech Support,620,112,3,Open,2027-01-17,0.5604079657900548
TICK-B468,2027-01-21 00:00:00,Agent_34,Email,General,758,139,4,Dropped,2027-01-21,0.6983466325477347
TICK-B469,2027-01-27 00:00:00,Agent_44,Email,General,953,178,5,Dropped,2027-01-27,0.8936627351522887
TICK-B470,2027-01-11 00:00:00,Agent_18,Chat,Tech Support,424,72,2,Open,2027-01-11,0.3647198621091198
TICK-B471,2027-01-17 00:00:00,Agent_27,Chat,Tech Support,606,109,3,Open,2027-01-17,0.5469133972245482
TICK-B472,2027-01-29 00:00:00,Agent_47,Email,General,1000,188,5,Dropped,2027-01-29,0.9403891836094266
TICK-B473,2027-01-25 00:00:00,Agent_41,Email,General,882,164,5,Dropped,2027-01-25,0.822901107971619
TICK-B474,2027-01-18 00:00:00,Agent_29,Chat,Tech Support,647,117,3,Open,2027-01-18,0.5876057053197069
TICK-B475,2027-01-22 00:00:00,Agent_36,Email,General,780,144,4,Dropped,2027-01-22,0.7200159549375189
TICK-B476,2027-01-24 00:00:00,Agent_38,Email,General,828,153,4,Dropped,2027-01-24,0.7685176890183123
TICK-B477,2027-01-20 00:00:00,Agent_31,Chat,Tech Support,696,127,4,Open,2027-01-20,0.6367062255892824
TICK-B478,2027-01-25 00:00:00,Agent_40,Email,General,865,161,5,Dropped,2027-01-25,0.805036226196705
TICK-B479,2027-01-23 00:00:00,Agent_36,Email,General,796,147,4,Dropped,2027-01-23,0.7369318705672266
TICK-B480,2027-01-10 00:00:00,Agent_16,Voice,Billing,388,65,2,Resolved,2027-01-10,0.32832678035823915
TICK-B481,2027-01-28 00:00:00,Agent_45,Email,General,962,180,5,Dropped,2027-01-28,0.902439738144382
TICK-B482,2027-01-26 00:00:00,Agent_42,Email,General,902,168,5,Dropped,2027-01-26,0.8420867275588182
TICK-B483,2027-01-27 00:00:00,Agent_43,Email,General,932,174,5,Dropped,2027-01-27,0.8725583718834881
TICK-B484,2027-01-07 00:00:00,Agent_10,Voice,Billing,267,41,2,Resolved,2027-01-07,0.20796664688508182
TICK-B485,2027-01-14 00:00:00,Agent_23,Chat,Tech Support,520,92,3,Open,2027-01-14,0.4602885285503856
TICK-B486,2027-01-12 00:00:00,Agent_19,Chat,Tech Support,449,77,2,Open,2027-01-12,0.3890211796686397
TICK-B487,2027-01-20 00:00:00,Agent_32,Chat,Tech Support,717,131,4,Open,2027-01-20,0.6570031504985049
TICK-B488,2027-01-30 00:00:00,Agent_49,Email,General,1058,199,5,Dropped,2027-01-30,0.9989574640756906
TICK-B489,2027-01-18 00:00:00,Agent_28,Chat,Tech Support,628,113,3,Open,2027-01-18,0.568830191833626
TICK-B490,2027-01-23 00:00:00,Agent_37,Email,General,811,150,4,Dropped,2027-01-23,0.7519258260505067
TICK-B491,2027-01-28 00:00:00,Agent_45,Email,General,961,180,5,Dropped,2027-01-28,0.9016702498988362
TICK-B492,2027-01-28 00:00:00,Agent_46,Email,General,988,185,5,Dropped,2027-01-28,0.9287122524562155
TICK-B493,2027-01-08 00:00:00,Agent_13,Voice,Billing,324,52,2,Resolved,2027-01-08,0.26490072129328845
TICK-B494,2027-01-18 00:00:00,Agent_29,Chat,Tech Support,640,116,3,Open,2027-01-18,0.5803010782911411
TICK-B495,2027-01-02 00:00:00,Agent_2,Voice,Billing,106,9,1,Resolved,2027-01-02,0.04677129386511891
TICK-B496,2027-01-04 00:00:00,Agent_6,Voice,Billing,180,24,1,Resolved,2027-01-04,0.12007368782924188
TICK-B497,2027-01-18 00:00:00,Agent_29,Chat,Tech Support,646,117,3,Open,2027-01-18,0.5869432976276049
TICK-B498,2027-01-13 00:00:00,Agent_21,Chat,Tech Support,487,85,3,Open,2027-01-13,0.42704867193046814
TICK-B499,2027-01-04 00:00:00,Agent_6,Voice,Billing,188,25,1,Resolved,2027-01-04,0.1282112255192639
TICK-B500,2027-01-09 00:00:00,Agent_13,Voice,Billing,332,54,2,Resolved,2027-01-09,0.27253660127133494
TICK-B501,2027-01-17 00:00:00,Agent_26,Chat,Tech Support,599,107,3,Open,2027-01-17,0.5390439190748038
TICK-B502,2027-01-12 00:00:00,Agent_18,Chat,Tech Support,428,73,2,Open,2027-01-12,0.3688026837210552
TICK-B503,2027-01-17 00:00:00,Agent_27,Chat,Tech Support,602,108,3,Open,2027-01-17,0.5427272256698948
TICK-B504,2027-01-30 00:00:00,Agent_49,Email,General,1058,199,5,Dropped,2027-01-30,0.9987571391759148
TICK-B505,2027-01-24 00:00:00,Agent_39,Email,General,841,156,4,Dropped,2027-01-24,0.7810080077428028
TICK-B506,2027-01-05 00:00:00,Agent_7,Voice,Billing,216,31,1,Resolved,2027-01-05,0.1560519015934425
TICK-B507,2027-01-11 00:00:00,Agent_17,Chat,Tech Support,403,68,2,Open,2027-01-11,0.3435433430452417
TICK-B508,2027-01-01 00:00:00,Agent_0,Voice,Billing,74,2,1,Resolved,2027-01-01,0.014938460387394326
TICK-B509,2027-01-16 00:00:00,Agent_26,Chat,Tech Support,580,104,3,Open,2027-01-16,0.5206253132242091
TICK-B510,2027-01-03 00:00:00,Agent_4,Voice,Billing,143,16,1,Resolved,2027-01-03,0.08346311154940511
TICK-B511,2027-01-19 00:00:00,Agent_31,Chat,Tech Support,685,125,4,Open,2027-01-19,0.625649338811895
TICK-B512,2027-01-02 00:00:00,Agent_2,Voice,Billing,117,11,1,Resolved,2027-01-02,0.057103796189965084
TICK-B513,2027-01-21 00:00:00,Agent_33,Email,General,728,133,4,Dropped,2027-01-21,0.6687279391585136
TICK-B514,2027-01-24 00:00:00,Agent_39,Email,General,846,157,4,Dropped,2027-01-24,0.7861841891751977
TICK-B515,2027-01-30 00:00:00,Agent_49,Email,General,1040,196,5,Dropped,2027-01-30,0.9809935236650111
TICK-B516,2027-01-05 00:00:00,Agent_6,Voice,Billing,194,26,1,Resolved,2027-01-05,0.13480523620526175
TICK-B517,2027-01-16 00:00:00,Agent_25,Chat,Tech Support,576,103,3,Open,2027-01-16,0.5169931750799008
TICK-B518,2027-01-30 00:00:00,Agent_49,Email,General,1045,197,5,Dropped,2027-01-30,0.9852397455702131
TICK-B519,2027-01-17 00:00:00,Agent_27,Chat,Tech Support,614,110,3,Open,2027-01-17,0.5545642105410469
TICK-B520,2027-01-23 00:00:00,Agent_36,Email,General,798,147,4,Dropped,2027-01-23,0.7381992708223704
TICK-B521,2027-01-01 00:00:00,Agent_0,Voice,Billing,63,0,1,Resolved,2027-01-01,0.003141119185345098
TICK-B522,2027-01-26 00:00:00,Agent_43,Email,General,923,172,5,Dropped,2027-01-26,0.8636659229386481
TICK-B523,2027-01-28 00:00:00,Agent_46,Email,General,987,185,5,Dropped,2027-01-28,0.9279837612259708
TICK-B524,2027-01-04 00:00:00,Agent_6,Voice,Billing,187,25,1,Resolved,2027-01-04,0.12797844372499134
TICK-B525,2027-01-20 00:00:00,Agent_33,Chat,Tech Support,723,132,4,Open,2027-01-20,0.6638487434657998
TICK-B526,2027-01-15 00:00:00,Agent_23,Chat,Tech Support,536,95,3,Open,2027-01-15,0.476702719873663
TICK-B527,2027-01-07 00:00:00,Agent_10,Voice,Billing,270,42,2,Resolved,2027-01-07,0.21009933871808528
TICK-B528,2027-01-06 00:00:00,Agent_8,Voice,Billing,229,33,1,Resolved,2027-01-06,0.16977027634182196
TICK-B529,2027-01-17 00:00:00,Agent_28,Chat,Tech Support,624,112,3,Open,2027-01-17,0.5642839851422148
TICK-B530,2027-01-11 00:00:00,Agent_16,Chat,Tech Support,396,67,2,Open,2027-01-11,0.3360090465763872
TICK-B531,2027-01-14 00:00:00,Agent_21,Chat,Tech Support,495,87,3,Open,2027-01-14,0.435728894620492
TICK-B532,2027-01-07 00:00:00,Agent_11,Voice,Billing,291,46,2,Resolved,2027-01-07,0.23156041063845756
TICK-B533,2027-01-22 00:00:00,Agent_36,Email,General,784,144,4,Dropped,2027-01-22,0.7249910183289195
TICK-B534,2027-01-03 00:00:00,Agent_4,Voice,Billing,152,18,1,Resolved,2027-01-03,0.0927401104009613
TICK-B535,2027-01-24 00:00:00,Agent_39,Email,General,844,156,4,Dropped,2027-01-24,0.7843775766263665
TICK-B536,2027-01-27 00:00:00,Agent_44,Email,General,942,176,5,Dropped,2027-01-27,0.8822417601275964
TICK-B537,2027-01-10 00:00:00,Agent_16,Voice,Billing,391,66,2,Resolved,2027-01-10,0.33187231583184207
TICK-B538,2027-01-14 00:00:00,Agent_22,Chat,Tech Support,510,90,3,Open,2027-01-14,0.4502716745010533
TICK-B539,2027-01-14 00:00:00,Agent_22,Chat,Tech Support,501,88,3,Open,2027-01-14,0.4417725581749411
TICK-B540,2027-01-21 00:00:00,Agent_34,Email,General,756,139,4,Dropped,2027-01-21,0.696758447491007
TICK-B541,2027-01-17 00:00:00,Agent_27,Chat,Tech Support,610,110,3,Open,2027-01-17,0.5504345945229655
TICK-B542,2027-01-29 00:00:00,Agent_47,Email,General,1012,190,5,Dropped,2027-01-29,0.952510798786844
TICK-B543,2027-01-10 00:00:00,Agent_16,Voice,Billing,392,66,2,Resolved,2027-01-10,0.3327365449541366
TICK-B544,2027-01-19 00:00:00,Agent_30,Chat,Tech Support,678,123,4,Open,2027-01-19,0.6186405033694553
TICK-B545,2027-01-17 00:00:00,Agent_27,Chat,Tech Support,601,108,3,Open,2027-01-17,0.5411177890141858
TICK-B546,2027-01-20 00:00:00,Agent_32,Chat,Tech Support,716,131,4,Open,2027-01-20,0.6565289081097405
TICK-B547,2027-01-26 00:00:00,Agent_43,Email,General,922,172,5,Dropped,2027-01-26,0.8624082740880868
TICK-B548,2027-01-09 00:00:00,Agent_14,Voice,Billing,359,59,2,Resolved,2027-01-09,0.2994617897066906
TICK-B549,2027-01-01 00:00:00,Agent_0,Voice,Billing,77,3,1,Resolved,2027-01-01,0.017105038960504748
TICK-B550,2027-01-24 00:00:00,Agent_39,Email,General,845,157,4,Dropped,2027-01-24,0.7856165379352984
TICK-B551,2027-01-26 00:00:00,Agent_41,Email,General,898,167,5,Dropped,2027-01-26,0.8380750952391683
TICK-B552,2027-01-27 00:00:00,Agent_43,Email,General,938,175,5,Dropped,2027-01-27,0.8784980246007179
TICK-B553,2027-01-11 00:00:00,Agent_18,Chat,Tech Support,422,72,2,Open,2027-01-11,0.36247446855448495
TICK-B554,2027-01-20 00:00:00,Agent_32,Chat,Tech Support,714,130,4,Open,2027-01-20,0.6548737684014991
TICK-B555,2027-01-06 00:00:00,Agent_8,Voice,Billing,239,35,1,Resolved,2027-01-06,0.17936061623057986
TICK-B556,2027-01-24 00:00:00,Agent_38,Email,General,829,153,4,Dropped,2027-01-24,0.7694255191770004
TICK-B557,2027-01-04 00:00:00,Agent_5,Voice,Billing,171,22,1,Resolved,2027-01-04,0.11151199329765848
TICK-B558,2027-01-26 00:00:00,Agent_42,Email,General,902,168,5,Dropped,2027-01-26,0.8424359989270105
TICK-B559,2027-01-03 00:00:00,Agent_3,Voice,Billing,127,13,1,Resolved,2027-01-03,0.06745732269548188
TICK-B560,2027-01-08 00:00:00,Agent_12,Voice,Billing,306,49,2,Resolved,2027-01-08,0.24611183659162972
TICK-B561,2027-01-23 00:00:00,Agent_37,Email,General,805,149,4,Dropped,2027-01-23,0.7450386720867341
TICK-B562,2027-01-17 00:00:00,Agent_28,Chat,Tech Support,623,112,3,Open,2027-01-17,0.5636401807405371
TICK-B563,2027-01-25 00:00:00,Agent_40,Email,General,877,163,5,Dropped,2027-01-25,0.8176206488967366
TICK-B564,2027-01-05 00:00:00,Agent_7,Voice,Billing,211,30,1,Resolved,2027-01-05,0.1515177271621636
TICK-B565,2027-01-30 00:00:00,Agent_48,Email,General,1037,195,5,Dropped,2027-01-30,0.9776298221853399
TICK-B566,2027-01-06 00:00:00,Agent_8,Voice,Billing,236,35,1,Resolved,2027-01-06,0.17679761637824887
TICK-B567,2027-01-26 00:00:00,Agent_42,Email,General,912,170,5,Dropped,2027-01-26,0.8523011469467952
TICK-B568,2027-01-16 00:00:00,Agent_25,Chat,Tech Support,564,100,3,Open,2027-01-16,0.5049859428414144
TICK-B569,2027-01-19 00:00:00,Agent_31,Chat,Tech Support,684,124,4,Open,2027-01-19,0.6242937812607551
TICK-B570,2027-01-30 00:00:00,Agent_49,Email,General,1054,198,5,Dropped,2027-01-30,0.9948517250000689
TICK-B571,2027-01-07 00:00:00,Agent_11,Voice,Billing,291,46,2,Resolved,2027-01-07,0.2314806389368267
TICK-B572,2027-01-21 00:00:00,Agent_33,Email,General,731,134,4,Dropped,2027-01-21,0.6715781001986066
TICK-B573,2027-01-30 00:00:00,Agent_49,Email,General,1058,199,5,Dropped,2027-01-30,0.998283366347536
TICK-B574,2027-01-11 00:00:00,Agent_17,Chat,Tech Support,417,71,2,Open,2027-01-11,0.35755166316989395
TICK-B575,2027-01-09 00:00:00,Agent_14,Voice,Billing,352,58,2,Resolved,2027-01-09,0.292500716290532
TICK-B576,2027-01-27 00:00:00,Agent_44,Email,General,941,176,5,Dropped,2027-01-27,0.8810056936253687
TICK-B577,2027-01-14 00:00:00,Agent_22,Chat,Tech Support,511,90,3,Open,2027-01-14,0.45138554481067206
TICK-B578,2027-01-21 00:00:00,Agent_33,Email,General,729,133,4,Dropped,2027-01-21,0.669042159304295
TICK-B579,2027-01-16 00:00:00,Agent_25,Chat,Tech Support,564,100,3,Open,2027-01-16,0.504993260571452
TICK-B580,2027-01-12 00:00:00,Agent_18,Chat,Tech Support,434,74,2,Open,2027-01-12,0.3746318040986709
TICK-B581,2027-01-12 00:00:00,Agent_18,Chat,Tech Support,438,75,2,Open,2027-01-12,0.37821083130433775
TICK-B582,2027-01-15 00:00:00,Agent_23,Chat,Tech Support,533,94,3,Open,2027-01-15,0.4737805226899011
TICK-B583,2027-01-01 00:00:00,Agent_0,Voice,Billing,73,2,1,Resolved,2027-01-01,0.01364313198117717
TICK-B584,2027-01-01 00:00:00,Agent_0,Voice,Billing,63,0,1,Resolved,2027-01-01,0.003907858536302489
TICK-B585,2027-01-12 00:00:00,Agent_18,Chat,Tech Support,437,75,2,Open,2027-01-12,0.3778743909189428
TICK-B586,2027-01-19 00:00:00,Agent_30,Chat,Tech Support,667,121,4,Open,2027-01-19,0.60707114182465
TICK-B587,2027-01-24 00:00:00,Agent_38,Email,General,826,153,4,Dropped,2027-01-24,0.7667223066364681
TICK-B588,2027-01-02 00:00:00,Agent_2,Voice,Billing,104,8,1,Resolved,2027-01-02,0.04452802694641855
TICK-B589,2027-01-27 00:00:00,Agent_44,Email,General,958,179,5,Dropped,2027-01-27,0.898115816947183
TICK-B590,2027-01-18 00:00:00,Agent_28,Chat,Tech Support,629,113,3,Open,2027-01-18,0.5696384438230091
TICK-B591,2027-01-29 00:00:00,Agent_47,Email,General,1009,189,5,Dropped,2027-01-29,0.9491516372542279
TICK-B592,2027-01-18 00:00:00,Agent_29,Chat,Tech Support,650,118,3,Open,2027-01-18,0.590839746621458
TICK-B593,2027-01-07 00:00:00,Agent_10,Voice,Billing,274,42,2,Resolved,2027-01-07,0.2148291601401019
TICK-B594,2027-01-10 00:00:00,Agent_16,Voice,Billing,388,65,2,Resolved,2027-01-10,0.32826242956124374
TICK-B595,2027-01-24 00:00:00,Agent_38,Email,General,828,153,4,Dropped,2027-01-24,0.7680011364001579
TICK-B596,2027-01-02 00:00:00,Agent_2,Voice,Billing,117,11,1,Resolved,2027-01-02,0.057459192936788805
TICK-B597,2027-01-13 00:00:00,Agent_20,Chat,Tech Support,476,83,3,Open,2027-01-13,0.41681683536333447
TICK-B598,2027-01-15 00:00:00,Agent_24,Chat,Tech Support,552,98,3,Open,2027-01-15,0.4921364801802798
TICK-B599,2027-01-24 00:00:00,Agent_39,Email,General,859,159,4,Dropped,2027-01-24,0.7994917888872884
TICK-B600,2027-01-08 00:00:00,Agent_11,Voice,Billing,298,47,2,Resolved,2027-01-08,0.23897759815716801
TICK-B601,2027-01-20 00:00:00,Agent_32,Chat,Tech Support,719,131,4,Open,2027-01-20,0.6591703833807895
TICK-B602,2027-01-24 00:00:00,Agent_38,Email,General,826,153,4,Dropped,2027-01-24,0.7669437595187107
TICK-B603,2027-01-19 00:00:00,Agent_30,Chat,Tech Support,672,122,4,Open,2027-01-19,0.6121048704436955
TICK-B604,2027-01-16 00:00:00,Agent_25,Chat,Tech Support,564,100,3,Open,2027-01-16,0.5044224386535464
TICK-B605,2027-01-25 00:00:00,Agent_41,Email,General,892,166,5,Dropped,2027-01-25,0.8325455655692482
TICK-B606,2027-01-04 00:00:00,Agent_6,Voice,Billing,192,26,1,Resolved,2027-01-04,0.1328945480937922
TICK-B607,2027-01-11 00:00:00,Agent_16,Chat,Tech Support,396,67,2,Open,2027-01-11,0.3362901548856647
TICK-B608,2027-01-26 00:00:00,Agent_42,Email,General,902,168,5,Dropped,2027-01-26,0.8422236827685415
TICK-B609,2027-01-04 00:00:00,Agent_5,Voice,Billing,163,20,1,Resolved,2027-01-04,0.10347310060263726
TICK-B610,2027-01-26 00:00:00,Agent_42,Email,General,919,171,5,Dropped,2027-01-26,0.859440747140157
TICK-B611,2027-01-10 00:00:00,Agent_16,Voice,Billing,388,65,2,Resolved,2027-01-10,0.3288765170322474
TICK-B612,2027-01-11 00:00:00,Agent_17,Chat,Tech Support,406,69,2,Open,2027-01-11,0.3468125481754494
TICK-B613,2027-01-28 00:00:00,Agent_46,Email,General,991,186,5,Dropped,2027-01-28,0.9318241230897765
TICK-B614,2027-01-07 00:00:00,Agent_10,Voice,Billing,270,42,2,Resolved,2027-01-07,0.21076776946765385
TICK-B615,2027-01-30 00:00:00,Agent_49,Email,General,1058,199,5,Dropped,2027-01-30,0.9984417915346212
TICK-B616,2027-01-21 00:00:00,Agent_34,Email,General,741,136,4,Dropped,2027-01-21,0.6810348210095571
TICK-B617,2027-01-02 00:00:00,Agent_3,Voice,Billing,124,12,1,Resolved,2027-01-02,0.06436337332633646
TICK-B618,2027-01-19 00:00:00,Agent_31,Chat,Tech Support,691,126,4,Open,2027-01-19,0.6314107899854443
TICK-B619,2027-01-05 00:00:00,Agent_7,Voice,Billing,207,29,1,Resolved,2027-01-05,0.1478753750592362
TICK-B620,2027-01-23 00:00:00,Agent_37,Email,General,814,150,4,Dropped,2027-01-23,0.7547424385663631
TICK-B621,2027-01-11 00:00:00,Agent_16,Chat,Tech Support,395,67,2,Open,2027-01-11,0.3352426447713326
TICK-B622,2027-01-24 00:00:00,Agent_39,Email,General,858,159,4,Dropped,2027-01-24,0.7983908220625393
TICK-B623,2027-01-17 00:00:00,Agent_27,Chat,Tech Support,618,111,3,Open,2027-01-17,0.5583604099052433
TICK-B624,2027-01-23 00:00:00,Agent_37,Email,General,806,149,4,Dropped,2027-01-23,0.7467688559836588
TICK-B625,2027-01-26 00:00:00,Agent_42,Email,General,915,171,5,Dropped,2027-01-26,0.8555074334232682
TICK-B626,2027-01-25 00:00:00,Agent_40,Email,General,861,160,5,Dropped,2027-01-25,0.8010822676043368
TICK-B627,2027-01-05 00:00:00,Agent_7,Voice,Billing,210,30,1,Resolved,2027-01-05,0.15099613509819532
TICK-B628,2027-01-21 00:00:00,Agent_33,Email,General,739,135,4,Dropped,2027-01-21,0.6790402804027327
TICK-B629,2027-01-12 00:00:00,Agent_19,Chat,Tech Support,440,76,2,Open,2027-01-12,0.3804867702421527
TICK-B630,2027-01-23 00:00:00,Agent_38,Email,General,822,152,4,Dropped,2027-01-23,0.7624794229650178
TICK-B631,2027-01-26 00:00:00,Agent_41,Email,General,898,167,5,Dropped,2027-01-26,0.8380748274257329
TICK-B632,2027-01-04 00:00:00,Agent_5,Voice,Billing,174,22,1,Resolved,2027-01-04,0.11469169585023253
TICK-B633,2027-01-08 00:00:00,Agent_13,Voice,Billing,326,53,2,Resolved,2027-01-08,0.26644693493239846
TICK-B634,2027-01-21 00:00:00,Agent_34,Email,General,750,138,4,Dropped,2027-01-21,0.6909114304118129
TICK-B635,2027-01-27 00:00:00,Agent_43,Email,General,929,173,5,Dropped,2027-01-27,0.8691437271828886
TICK-B636,2027-01-14 00:00:00,Agent_23,Chat,Tech Support,526,93,3,Open,2027-01-14,0.4661084872482174
TICK-B637,2027-01-01 00:00:00,Agent_0,Voice,Billing,67,1,1,Resolved,2027-01-01,0.007486615196201196
TICK-B638,2027-01-03 00:00:00,Agent_4,Voice,Billing,145,17,1,Resolved,2027-01-03,0.08595555235905594
TICK-B639,2027-01-23 00:00:00,Agent_36,Email,General,799,147,4,Dropped,2027-01-23,0.7392671942624021
TICK-B640,2027-01-07 00:00:00,Agent_10,Voice,Billing,275,43,2,Resolved,2027-01-07,0.215782676007935
TICK-B641,2027-01-24 00:00:00,Agent_39,Email,General,852,158,4,Dropped,2027-01-24,0.7924804150151309
TICK-B642,2027-01-11 00:00:00,Agent_17,Chat,Tech Support,415,71,2,Open,2027-01-11,0.35524911480242727
TICK-B643,2027-01-04 00:00:00,Agent_5,Voice,Billing,161,20,1,Resolved,2027-01-04,0.10184976585773897
TICK-B644,2027-01-29 00:00:00,Agent_47,Email,General,1000,188,5,Dropped,2027-01-29,0.9403546568855505
TICK-B645,2027-01-21 00:00:00,Agent_34,Email,General,747,137,4,Dropped,2027-01-21,0.687557433587605
TICK-B646,2027-01-18 00:00:00,Agent_29,Chat,Tech Support,653,118,3,Open,2027-01-18,0.593823685522585
TICK-B647,2027-01-30 00:00:00,Agent_49,Email,General,1048,197,5,Dropped,2027-01-30,0.9883835018199516
TICK-B648,2027-01-02 00:00:00,Agent_2,Voice,Billing,107,9,1,Resolved,2027-01-02,0.047443886741453944
TICK-B649,2027-01-07 00:00:00,Agent_11,Voice,Billing,283,44,2,Resolved,2027-01-07,0.22369925166782112
TICK-B650,2027-01-03 00:00:00,Agent_4,Voice,Billing,142,16,1,Resolved,2027-01-03,0.08263416513732202
TICK-B651,2027-01-17 00:00:00,Agent_27,Chat,Tech Support,612,110,3,Open,2027-01-17,0.552531589513465
TICK-B652,2027-01-28 00:00:00,Agent_46,Email,General,987,185,5,Dropped,2027-01-28,0.9277485401101611
TICK-B653,2027-01-24 00:00:00,Agent_39,Email,General,848,157,4,Dropped,2027-01-24,0.7888942719267042
TICK-B654,2027-01-16 00:00:00,Agent_25,Chat,Tech Support,571,102,3,Open,2027-01-16,0.511927334177992
TICK-B655,2027-01-02 00:00:00,Agent_1,Voice,Billing,98,7,1,Resolved,2027-01-02,0.03815291547549238
TICK-B656,2027-01-17 00:00:00,Agent_27,Chat,Tech Support,605,109,3,Open,2027-01-17,0.5455500716112461
TICK-B657,2027-01-02 00:00:00,Agent_2,Voice,Billing,105,9,1,Resolved,2027-01-02,0.045072567223080284
TICK-B658,2027-01-02 00:00:00,Agent_1,Voice,Billing,93,6,1,Resolved,2027-01-02,0.03375179325051125
TICK-B659,2027-01-12 00:00:00,Agent_18,Chat,Tech Support,438,75,2,Open,2027-01-12,0.3785795721601255
TICK-B660,2027-01-14 00:00:00,Agent_22,Chat,Tech Support,512,90,3,Open,2027-01-14,0.45226157334838946
TICK-B661,2027-01-21 00:00:00,Agent_34,Email,General,740,136,4,Dropped,2027-01-21,0.6803547449930184
TICK-B662,2027-01-05 00:00:00,Agent_6,Voice,Billing,194,26,1,Resolved,2027-01-05,0.13414787627317404
TICK-B663,2027-01-30 00:00:00,Agent_48,Email,General,1026,193,5,Dropped,2027-01-30,0.9667070488141438
TICK-B664,2027-01-16 00:00:00,Agent_25,Chat,Tech Support,567,101,3,Open,2027-01-16,0.5075504051758413
TICK-B665,2027-01-13 00:00:00,Agent_20,Chat,Tech Support,461,80,3,Open,2027-01-13,0.4011599933389358
TICK-B666,2027-01-27 00:00:00,Agent_43,Email,General,929,173,5,Dropped,2027-01-27,0.8694657179615296
TICK-B667,2027-01-23 00:00:00,Agent_37,Email,General,811,150,4,Dropped,2027-01-23,0.7511106232841139
TICK-B668,2027-01-19 00:00:00,Agent_30,Chat,Tech Support,669,121,4,Open,2027-01-19,0.6091576132209248
TICK-B669,2027-01-04 00:00:00,Agent_6,Voice,Billing,184,24,1,Resolved,2027-01-04,0.12499611974023994
TICK-B670,2027-01-28 00:00:00,Agent_46,Email,General,989,185,5,Dropped,2027-01-28,0.9293438383844597
TICK-B671,2027-01-28 00:00:00,Agent_45,Email,General,969,181,5,Dropped,2027-01-28,0.9091830102647364
TICK-B672,2027-01-26 00:00:00,Agent_43,Email,General,920,172,5,Dropped,2027-01-26,0.8608122821539808
TICK-B673,2027-01-25 00:00:00,Agent_40,Email,General,863,160,5,Dropped,2027-01-25,0.8030210471109461
TICK-B674,2027-01-05 00:00:00,Agent_6,Voice,Billing,198,27,1,Resolved,2027-01-05,0.1383671690636885
TICK-B675,2027-01-11 00:00:00,Agent_17,Chat,Tech Support,410,70,2,Open,2027-01-11,0.35064873995428136
TICK-B676,2027-01-11 00:00:00,Agent_16,Chat,Tech Support,396,67,2,Open,2027-01-11,0.33681517116621185
TICK-B677,2027-01-10 00:00:00,Agent_15,Voice,Billing,362,60,2,Resolved,2027-01-10,0.30201169014189255
TICK-B678,2027-01-03 00:00:00,Agent_4,Voice,Billing,148,17,1,Resolved,2027-01-03,0.08813482753057889
TICK-B679,2027-01-01 00:00:00,Agent_0,Voice,Billing,64,0,1,Resolved,2027-01-01,0.004697519815228479
TICK-B680,2027-01-06 00:00:00,Agent_9,Voice,Billing,250,38,1,Resolved,2027-01-06,0.19071675633208507
TICK-B681,2027-01-19 00:00:00,Agent_30,Chat,Tech Support,668,121,4,Open,2027-01-19,0.6083118012382376
TICK-B682,2027-01-07 00:00:00,Agent_11,Voice,Billing,281,44,2,Resolved,2027-01-07,0.22118739763182393
TICK-B683,2027-01-03 00:00:00,Agent_4,Voice,Billing,152,18,1,Resolved,2027-01-03,0.09220653110083232
TICK-B684,2027-01-10 00:00:00,Agent_16,Voice,Billing,387,65,2,Resolved,2027-01-10,0.32729022348836867
TICK-B685,2027-01-21 00:00:00,Agent_34,Email,General,759,139,4,Dropped,2027-01-21,0.6996918965973268
TICK-B686,2027-01-03 00:00:00,Agent_3,Voice,Billing,133,14,1,Resolved,2027-01-03,0.07345404534654021
TICK-B687,2027-01-28 00:00:00,Agent_46,Email,General,981,184,5,Dropped,2027-01-28,0.9210024160811355
TICK-B688,2027-01-12 00:00:00,Agent_18,Chat,Tech Support,435,75,2,Open,2027-01-12,0.3758633745685711
TICK-B689,2027-01-29 00:00:00,Agent_47,Email,General,1008,189,5,Dropped,2027-01-29,0.9488231178134199
TICK-B690,2027-01-11 00:00:00,Agent_17,Chat,Tech Support,418,71,2,Open,2027-01-11,0.3584214478451925
TICK-B691,2027-01-28 00:00:00,Agent_45,Email,General,968,181,5,Dropped,2027-01-28,0.9081335315604753
TICK-B692,2027-01-02 00:00:00,Agent_2,Voice,Billing,100,8,1,Resolved,2027-01-02,0.04020083632554505
TICK-B693,2027-01-16 00:00:00,Agent_26,Chat,Tech Support,582,104,3,Open,2027-01-16,0.5222397557810134
TICK-B694,2027-01-10 00:00:00,Agent_15,Voice,Billing,372,62,2,Resolved,2027-01-10,0.31290933780316543
TICK-B695,2027-01-24 00:00:00,Agent_39,Email,General,841,156,4,Dropped,2027-01-24,0.7810072423715966
TICK-B696,2027-01-17 00:00:00,Agent_27,Chat,Tech Support,605,109,3,Open,2027-01-17,0.5457547199472216
TICK-B697,2027-01-06 00:00:00,Agent_8,Voice,Billing,238,35,1,Resolved,2027-01-06,0.17816073892771533
TICK-B698,2027-01-28 00:00:00,Agent_45,Email,General,975,183,5,Dropped,2027-01-28,0.9153284575954547
TICK-B699,2027-01-01 00:00:00,Agent_1,Voice,Billing,85,5,1,Resolved,2027-01-01,0.02500911733252198
TICK-B700,2027-01-01 00:00:00,Agent_0,Voice,Billing,63,0,1,Resolved,2027-01-01,0.0034195846880638037
TICK-B701,2027-01-30 00:00:00,Agent_49,Email,General,1055,199,5,Dropped,2027-01-30,0.9952450066074254
TICK-B702,2027-01-01 00:00:00,Agent_0,Voice,Billing,63,0,1,Resolved,2027-01-01,0.0033508604620898774
TICK-B703,2027-01-06 00:00:00,Agent_9,Voice,Billing,240,36,1,Resolved,2027-01-06,0.18020765941272177
TICK-B704,2027-01-20 00:00:00,Agent_32,Chat,Tech Support,716,131,4,Open,2027-01-20,0.6566429662559294
TICK-B705,2027-01-30 00:00:00,Agent_49,Email,General,1040,196,5,Dropped,2027-01-30,0.980948991765468
TICK-B706,2027-01-09 00:00:00,Agent_13,Voice,Billing,327,53,2,Resolved,2027-01-09,0.26771231994766365
TICK-B707,2027-01-27 00:00:00,Agent_44,Email,General,946,177,5,Dropped,2027-01-27,0.8860324895366896
TICK-B708,2027-01-09 00:00:00,Agent_13,Voice,Billing,332,54,2,Resolved,2027-01-09,0.2728322029285184
TICK-B709,2027-01-18 00:00:00,Agent_28,Chat,Tech Support,629,113,3,Open,2027-01-18,0.5695302320144298
TICK-B710,2027-01-26 00:00:00,Agent_42,Email,General,904,168,5,Dropped,2027-01-26,0.8441338145301922
TICK-B711,2027-01-13 00:00:00,Agent_21,Chat,Tech Support,487,85,3,Open,2027-01-13,0.4270189654472035
TICK-B712,2027-01-03 00:00:00,Agent_3,Voice,Billing,137,15,1,Resolved,2027-01-03,0.07738558360555192
TICK-B713,2027-01-15 00:00:00,Agent_24,Chat,Tech Support,542,96,3,Open,2027-01-15,0.4828565391759865
TICK-B714,2027-01-08 00:00:00,Agent_12,Voice,Billing,303,48,2,Resolved,2027-01-08,0.24350605950713966
TICK-B715,2027-01-18 00:00:00,Agent_29,Chat,Tech Support,654,118,3,Open,2027-01-18,0.5943038628009251
TICK-B716,2027-01-20 00:00:00,Agent_32,Chat,Tech Support,703,128,4,Open,2027-01-20,0.6436461461625773
TICK-B717,2027-01-02 00:00:00,Agent_2,Voice,Billing,102,8,1,Resolved,2027-01-02,0.04213089146727955
TICK-B718,2027-01-02 00:00:00,Agent_3,Voice,Billing,126,13,1,Resolved,2027-01-02,0.06662292914405243
TICK-B719,2027-01-25 00:00:00,Agent_40,Email,General,862,160,5,Dropped,2027-01-25,0.8027110384438869
TICK-B720,2027-01-10 00:00:00,Agent_16,Voice,Billing,392,66,2,Resolved,2027-01-10,0.3329748048201072
TICK-B721,2027-01-25 00:00:00,Agent_41,Email,General,884,164,5,Dropped,2027-01-25,0.8243223400515864
TICK-B722,2027-01-15 00:00:00,Agent_23,Chat,Tech Support,532,94,3,Open,2027-01-15,0.4721482846612357
TICK-B723,2027-01-03 00:00:00,Agent_3,Voice,Billing,133,14,1,Resolved,2027-01-03,0.0733871717817266
TICK-B724,2027-01-19 00:00:00,Agent_31,Chat,Tech Support,684,124,4,Open,2027-01-19,0.6248984672222602
TICK-B725,2027-01-03 00:00:00,Agent_4,Voice,Billing,151,18,1,Resolved,2027-01-03,0.09148870901856476
TICK-B726,2027-01-07 00:00:00,Agent_10,Voice,Billing,261,40,2,Resolved,2027-01-07,0.20115529956468492
TICK-B727,2027-01-10 00:00:00,Agent_16,Voice,Billing,389,65,2,Resolved,2027-01-10,0.3293471871039133
TICK-B728,2027-01-08 00:00:00,Agent_13,Voice,Billing,322,52,2,Resolved,2027-01-08,0.2625601477213816
TICK-B729,2027-01-24 00:00:00,Agent_39,Email,General,850,158,4,Dropped,2027-01-24,0.790496008883346
TICK-B730,2027-01-27 00:00:00,Agent_43,Email,General,929,173,5,Dropped,2027-01-27,0.8694644777824768
TICK-B731,2027-01-22 00:00:00,Agent_35,Email,General,766,141,4,Dropped,2027-01-22,0.7065012861973035
TICK-B732,2027-01-11 00:00:00,Agent_17,Chat,Tech Support,405,69,2,Open,2027-01-11,0.34536010577612386
TICK-B733,2027-01-20 00:00:00,Agent_32,Chat,Tech Support,709,129,4,Open,2027-01-20,0.6496735823002394
TICK-B734,2027-01-21 00:00:00,Agent_33,Email,General,734,134,4,Dropped,2027-01-21,0.6749499057245123
TICK-B735,2027-01-11 00:00:00,Agent_17,Chat,Tech Support,409,69,2,Open,2027-01-11,0.34914467330427135
TICK-B736,2027-01-25 00:00:00,Agent_41,Email,General,885,165,5,Dropped,2027-01-25,0.8257411554605334
TICK-B737,2027-01-15 00:00:00,Agent_24,Chat,Tech Support,550,98,3,Open,2027-01-15,0.4902650488020621
TICK-B738,2027-01-08 00:00:00,Agent_11,Voice,Billing,295,47,2,Resolved,2027-01-08,0.2353299901405037
TICK-B739,2027-01-04 00:00:00,Agent_5,Voice,Billing,167,21,1,Resolved,2027-01-04,0.10736208138997261
TICK-B740,2027-01-14 00:00:00,Agent_22,Chat,Tech Support,507,89,3,Open,2027-01-14,0.44767169536745377
TICK-B741,2027-01-26 00:00:00,Agent_42,Email,General,911,170,5,Dropped,2027-01-26,0.851268727835207
TICK-B742,2027-01-23 00:00:00,Agent_37,Email,General,805,149,4,Dropped,2027-01-23,0.7455734417789298
TICK-B743,2027-01-28 00:00:00,Agent_45,Email,General,974,182,5,Dropped,2027-01-28,0.9141325815232269
TICK-B744,2027-01-02 00:00:00,Agent_3,Voice,Billing,124,12,1,Resolved,2027-01-02,0.0645804803093738
TICK-B745,2027-01-09 00:00:00,Agent_13,Voice,Billing,331,54,2,Resolved,2027-01-09,0.27112529565598853
TICK-B746,2027-01-14 00:00:00,Agent_22,Chat,Tech Support,511,90,3,Open,2027-01-14,0.45142523596933515
TICK-B747,2027-01-13 00:00:00,Agent_20,Chat,Tech Support,468,81,3,Open,2027-01-13,0.40829766812224966
TICK-B748,2027-01-05 00:00:00,Agent_7,Voice,Billing,215,31,1,Resolved,2027-01-05,0.1558582212905436
TICK-B749,2027-01-14 00:00:00,Agent_23,Chat,Tech Support,521,92,3,Open,2027-01-14,0.46170937278015467
TICK-B750,2027-01-06 00:00:00,Agent_9,Voice,Billing,259,39,1,Resolved,2027-01-06,0.1993833333711449
TICK-B751,2027-01-26 00:00:00,Agent_42,Email,General,910,170,5,Dropped,2027-01-26,0.850036080692531
TICK-B752,2027-01-11 00:00:00,Agent_18,Chat,Tech Support,420,72,2,Open,2027-01-11,0.36030856052605087
TICK-B753,2027-01-22 00:00:00,Agent_35,Email,General,777,143,4,Dropped,2027-01-22,0.7178528864673465
TICK-B754,2027-01-16 00:00:00,Agent_26,Chat,Tech Support,589,105,3,Open,2027-01-16,0.5298058612198678
TICK-B755,2027-01-26 00:00:00,Agent_41,Email,General,894,166,5,Dropped,2027-01-26,0.8349566398583211
TICK-B756,2027-01-24 00:00:00,Agent_39,Email,General,842,156,4,Dropped,2027-01-24,0.7822184929402046
TICK-B757,2027-01-01 00:00:00,Agent_0,Voice,Billing,63,0,1,Resolved,2027-01-01,0.003895579003370564
TICK-B758,2027-01-04 00:00:00,Agent_6,Voice,Billing,189,25,1,Resolved,2027-01-04,0.12933939160211483
TICK-B759,2027-01-18 00:00:00,Agent_29,Chat,Tech Support,653,118,3,Open,2027-01-18,0.5932865660795231
TICK-B760,2027-01-09 00:00:00,Agent_14,Voice,Billing,349,57,2,Resolved,2027-01-09,0.2898919393538226
TICK-B761,2027-01-17 00:00:00,Agent_27,Chat,Tech Support,607,109,3,Open,2027-01-17,0.547576677880978
TICK-B762,2027-01-05 00:00:00,Agent_6,Voice,Billing,197,27,1,Resolved,2027-01-05,0.13745885469205754
TICK-B763,2027-01-02 00:00:00,Agent_3,Voice,Billing,124,12,1,Resolved,2027-01-02,0.06430168052100693
TICK-B764,2027-01-05 00:00:00,Agent_7,Voice,Billing,208,29,1,Resolved,2027-01-05,0.14888247481415207
TICK-B765,2027-01-09 00:00:00,Agent_13,Voice,Billing,328,53,2,Resolved,2027-01-09,0.2681096914220301
TICK-B766,2027-01-17 00:00:00,Agent_28,Chat,Tech Support,624,112,3,Open,2027-01-17,0.564492376533628
TICK-B767,2027-01-08 00:00:00,Agent_12,Voice,Billing,314,50,2,Resolved,2027-01-08,0.2546559311716625
TICK-B768,2027-01-29 00:00:00,Agent_47,Email,General,1014,190,5,Dropped,2027-01-29,0.9540212416187761
TICK-B769,2027-01-28 00:00:00,Agent_45,Email,General,961,180,5,Dropped,2027-01-28,0.9019777336186652
TICK-B770,2027-01-04 00:00:00,Agent_6,Voice,Billing,185,25,1,Resolved,2027-01-04,0.1259155437699242
TICK-B771,2027-01-05 00:00:00,Agent_8,Voice,Billing,221,32,1,Resolved,2027-01-05,0.16188959823975357
TICK-B772,2027-01-25 00:00:00,Agent_41,Email,General,885,165,5,Dropped,2027-01-25,0.8250302987780325
TICK-B773,2027-01-30 00:00:00,Agent_49,Email,General,1057,199,5,Dropped,2027-01-30,0.997505855646705
TICK-B774,2027-01-08 00:00:00,Agent_12,Voice,Billing,316,51,2,Resolved,2027-01-08,0.2568203905346571
TICK-B775,2027-01-03 00:00:00,Agent_4,Voice,Billing,147,17,1,Resolved,2027-01-03,0.08746540722799989
TICK-B776,2027-01-18 00:00:00,Agent_29,Chat,Tech Support,646,117,3,Open,2027-01-18,0.5864535657810447
TICK-B777,2027-01-03 00:00:00,Agent_4,Voice,Billing,147,17,1,Resolved,2027-01-03,0.0878308423184051
TICK-B778,2027-01-01 00:00:00,Agent_0,Voice,Billing,77,3,1,Resolved,2027-01-01,0.017209290984923076
TICK-B779,2027-01-24 00:00:00,Agent_39,Email,General,857,159,4,Dropped,2027-01-24,0.7971232741729977
TICK-B780,2027-01-23 00:00:00,Agent_36,Email,General,795,147,4,Dropped,2027-01-23,0.7356706416783608
TICK-B781,2027-01-06 00:00:00,Agent_9,Voice,Billing,245,37,1,Resolved,2027-01-06,0.18518914954471488
TICK-B782,2027-01-21 00:00:00,Agent_34,Email,General,753,138,4,Dropped,2027-01-21,0.6933129120819579
TICK-B783,2027-01-25 00:00:00,Agent_40,Email,General,879,163,5,Dropped,2027-01-25,0.8196024171780318
TICK-B784,2027-01-19 00:00:00,Agent_31,Chat,Tech Support,682,124,4,Open,2027-01-19,0.6220351267778478
TICK-B785,2027-01-22 00:00:00,Agent_36,Email,General,786,145,4,Dropped,2027-01-22,0.7265175910519129
TICK-B786,2027-01-03 00:00:00,Agent_3,Voice,Billing,137,15,1,Resolved,2027-01-03,0.07704283220747044
TICK-B787,2027-01-20 00:00:00,Agent_32,Chat,Tech Support,712,130,4,Open,2027-01-20,0.6520352676718081
TICK-B788,2027-01-28 00:00:00,Agent_45,Email,General,975,183,5,Dropped,2027-01-28,0.9158856558911748
TICK-B789,2027-01-17 00:00:00,Agent_27,Chat,Tech Support,613,110,3,Open,2027-01-17,0.5535671904775695
TICK-B790,2027-01-08 00:00:00,Agent_12,Voice,Billing,319,51,2,Resolved,2027-01-08,0.2592593596254871
TICK-B791,2027-01-12 00:00:00,Agent_19,Chat,Tech Support,445,77,2,Open,2027-01-12,0.38564799978376174
TICK-B792,2027-01-21 00:00:00,Agent_33,Email,General,735,135,4,Dropped,2027-01-21,0.6751549310111638
TICK-B793,2027-01-08 00:00:00,Agent_12,Voice,Billing,319,51,2,Resolved,2027-01-08,0.25954503745357704
TICK-B794,2027-01-01 00:00:00,Agent_0,Voice,Billing,64,0,1,Resolved,2027-01-01,0.004777071512534259
TICK-B795,2027-01-08 00:00:00,Agent_11,Voice,Billing,294,46,2,Resolved,2027-01-08,0.23409558219853088
TICK-B796,2027-01-18 00:00:00,Agent_28,Chat,Tech Support,636,115,3,Open,2027-01-18,0.5763298217310875
TICK-B797,2027-01-17 00:00:00,Agent_27,Chat,Tech Support,618,111,3,Open,2027-01-17,0.5585708795362755
TICK-B798,2027-01-22 00:00:00,Agent_36,Email,General,786,145,4,Dropped,2027-01-22,0.7263084607101784
TICK-B799,2027-01-04 00:00:00,Agent_6,Voice,Billing,189,25,1,Resolved,2027-01-04,0.12915132036376886
TICK-B800,2027-01-29 00:00:00,Agent_47,Email,General,1003,188,5,Dropped,2027-01-29,0.9435879416016139
TICK-B801,2027-01-06 00:00:00,Agent_9,Voice,Billing,245,37,1,Resolved,2027-01-06,0.18503717758746052
TICK-B802,2027-01-26 00:00:00,Agent_42,Email,General,910,170,5,Dropped,2027-01-26,0.8504159731020118
TICK-B803,2027-01-08 00:00:00,Agent_11,Voice,Billing,297,47,2,Resolved,2027-01-08,0.23790709746687955
TICK-B804,2027-01-21 00:00:00,Agent_34,Email,General,753,138,4,Dropped,2027-01-21,0.6936616696103997
TICK-B805,2027-01-21 00:00:00,Agent_33,Email,General,729,133,4,Dropped,2027-01-21,0.6698566684350828
TICK-B806,2027-01-03 00:00:00,Agent_4,Voice,Billing,147,17,1,Resolved,2027-01-03,0.08773941142772335
TICK-B807,2027-01-07 00:00:00,Agent_10,Voice,Billing,272,42,2,Resolved,2027-01-07,0.21236463998747257
TICK-B808,2027-01-18 00:00:00,Agent_28,Chat,Tech Support,633,114,3,Open,2027-01-18,0.5730018545240116
TICK-B809,2027-01-17 00:00:00,Agent_27,Chat,Tech Support,617,111,3,Open,2027-01-17,0.5577476003964279
TICK-B810,2027-01-09 00:00:00,Agent_13,Voice,Billing,338,55,2,Resolved,2027-01-09,0.2785008245343974
TICK-B811,2027-01-27 00:00:00,Agent_44,Email,General,943,176,5,Dropped,2027-01-27,0.8832179740781131
TICK-B812,2027-01-26 00:00:00,Agent_42,Email,General,919,171,5,Dropped,2027-01-26,0.8594500356330401
TICK-B813,2027-01-29 00:00:00,Agent_47,Email,General,1014,190,5,Dropped,2027-01-29,0.9545514903544796
TICK-B814,2027-01-15 00:00:00,Agent_24,Chat,Tech Support,545,97,3,Open,2027-01-15,0.4855076169313337
TICK-B815,2027-01-03 00:00:00,Agent_4,Voice,Billing,156,19,1,Resolved,2027-01-03,0.09625755209058273
TICK-B816,2027-01-28 00:00:00,Agent_46,Email,General,992,186,5,Dropped,2027-01-28,0.9320422137587423
TICK-B817,2027-01-04 00:00:00,Agent_5,Voice,Billing,169,21,1,Resolved,2027-01-04,0.10961452488708867
TICK-B818,2027-01-03 00:00:00,Agent_3,Voice,Billing,131,14,1,Resolved,2027-01-03,0.07195984307466596
TICK-B819,2027-01-25 00:00:00,Agent_40,Email,General,864,160,5,Dropped,2027-01-25,0.8046567535371576
TICK-B820,2027-01-22 00:00:00,Agent_35,Email,General,766,141,4,Dropped,2027-01-22,0.7068663252907139
TICK-B821,2027-01-22 00:00:00,Agent_35,Email,General,770,142,4,Dropped,2027-01-22,0.7105568275375596
TICK-B822,2027-01-14 00:00:00,Agent_22,Chat,Tech Support,513,90,3,Open,2027-01-14,0.4537062827912647
TICK-B823,2027-01-04 00:00:00,Agent_5,Voice,Billing,171,22,1,Resolved,2027-01-04,0.11185764039044055
TICK-B824,2027-01-27 00:00:00,Agent_44,Email,General,950,178,5,Dropped,2027-01-27,0.8908491960860485
TICK-B825,2027-01-03 00:00:00,Agent_3,Voice,Billing,138,15,1,Resolved,2027-01-03,0.07809694736824524
TICK-B826,2027-01-09 00:00:00,Agent_14,Voice,Billing,357,59,2,Resolved,2027-01-09,0.29787481822982
TICK-B827,2027-01-15 00:00:00,Agent_24,Chat,Tech Support,542,96,3,Open,2027-01-15,0.48278699020853466
TICK-B828,2027-01-11 00:00:00,Agent_17,Chat,Tech Support,417,71,2,Open,2027-01-11,0.35733308125800756
TICK-B829,2027-01-05 00:00:00,Agent_7,Voice,Billing,213,30,1,Resolved,2027-01-05,0.15342643004599632
TICK-B830,2027-01-29 00:00:00,Agent_47,Email,General,1005,189,5,Dropped,2027-01-29,0.9459090426373554
TICK-B831,2027-01-16 00:00:00,Agent_25,Chat,Tech Support,560,100,3,Open,2027-01-16,0.5001687453759027
TICK-B832,2027-01-26 00:00:00,Agent_42,Email,General,904,168,5,Dropped,2027-01-26,0.8442685504625084
TICK-B833,2027-01-30 00:00:00,Agent_48,Email,General,1029,193,5,Dropped,2027-01-30,0.9693945105686651
TICK-B834,2027-01-05 00:00:00,Agent_7,Voice,Billing,207,29,1,Resolved,2027-01-05,0.14761882392763404
TICK-B835,2027-01-18 00:00:00,Agent_29,Chat,Tech Support,653,118,3,Open,2027-01-18,0.5935673260248949
TICK-B836,2027-01-04 00:00:00,Agent_6,Voice,Billing,191,26,1,Resolved,2027-01-04,0.1318057615694206
TICK-B837,2027-01-18 00:00:00,Agent_29,Chat,Tech Support,648,117,3,Open,2027-01-18,0.5881721984355727
TICK-B838,2027-01-13 00:00:00,Agent_21,Chat,Tech Support,482,84,3,Open,2027-01-13,0.4223565440584194
TICK-B839,2027-01-09 00:00:00,Agent_14,Voice,Billing,351,58,2,Resolved,2027-01-09,0.29199678292679965
TICK-B840,2027-01-30 00:00:00,Agent_49,Email,General,1047,197,5,Dropped,2027-01-30,0.9874906900693319
TICK-B841,2027-01-21 00:00:00,Agent_34,Email,General,748,137,4,Dropped,2027-01-21,0.6886300203266665
TICK-B842,2027-01-21 00:00:00,Agent_34,Email,General,744,136,4,Dropped,2027-01-21,0.6849234406508145
TICK-B843,2027-01-17 00:00:00,Agent_27,Chat,Tech Support,613,110,3,Open,2027-01-17,0.5533457041825837
TICK-B844,2027-01-26 00:00:00,Agent_42,Email,General,912,170,5,Dropped,2027-01-26,0.8521894010203355
TICK-B845,2027-01-05 00:00:00,Agent_6,Voice,Billing,195,27,1,Resolved,2027-01-05,0.13560091462070467
TICK-B846,2027-01-19 00:00:00,Agent_30,Chat,Tech Support,669,121,4,Open,2027-01-19,0.6095416308641292
TICK-B847,2027-01-25 00:00:00,Agent_40,Email,General,872,162,5,Dropped,2027-01-25,0.8127162293820105
TICK-B848,2027-01-14 00:00:00,Agent_22,Chat,Tech Support,503,88,3,Open,2027-01-14,0.4435853981598541
TICK-B849,2027-01-10 00:00:00,Agent_15,Voice,Billing,375,63,2,Resolved,2027-01-10,0.3154843022796304
TICK-B850,2027-01-28 00:00:00,Agent_46,Email,General,981,184,5,Dropped,2027-01-28,0.9217453254781421
TICK-B851,2027-01-30 00:00:00,Agent_48,Email,General,1037,195,5,Dropped,2027-01-30,0.9778165093951825
TICK-B852,2027-01-17 00:00:00,Agent_27,Chat,Tech Support,616,111,3,Open,2027-01-17,0.5567546623306678
TICK-B853,2027-01-18 00:00:00,Agent_29,Chat,Tech Support,652,118,3,Open,2027-01-18,0.5927157435076206
TICK-B854,2027-01-17 00:00:00,Agent_26,Chat,Tech Support,595,107,3,Open,2027-01-17,0.5355469241832301
TICK-B855,2027-01-28 00:00:00,Agent_45,Email,General,968,181,5,Dropped,2027-01-28,0.9081996823854153
TICK-B856,2027-01-24 00:00:00,Agent_39,Email,General,846,157,4,Dropped,2027-01-24,0.7861664982760013
TICK-B857,2027-01-29 00:00:00,Agent_47,Email,General,1018,191,5,Dropped,2027-01-29,0.9588228617269773
TICK-B858,2027-01-05 00:00:00,Agent_7,Voice,Billing,212,30,1,Resolved,2027-01-05,0.152659435798855
TICK-B859,2027-01-11 00:00:00,Agent_18,Chat,Tech Support,422,72,2,Open,2027-01-11,0.3623964216215021
TICK-B860,2027-01-26 00:00:00,Agent_42,Email,General,912,170,5,Dropped,2027-01-26,0.8524539269202435
TICK-B861,2027-01-04 00:00:00,Agent_5,Voice,Billing,177,23,1,Resolved,2027-01-04,0.11728241238705428
TICK-B862,2027-01-13 00:00:00,Agent_21,Chat,Tech Support,486,85,3,Open,2027-01-13,0.42613046319852244
TICK-B863,2027-01-10 00:00:00,Agent_16,Voice,Billing,385,65,2,Resolved,2027-01-10,0.32593932322265806
TICK-B864,2027-01-27 00:00:00,Agent_44,Email,General,940,176,5,Dropped,2027-01-27,0.880561002718034
TICK-B865,2027-01-29 00:00:00,Agent_47,Email,General,1016,191,5,Dropped,2027-01-29,0.956105020076664
TICK-B866,2027-01-06 00:00:00,Agent_8,Voice,Billing,232,34,1,Resolved,2027-01-06,0.17249583656298006
TICK-B867,2027-01-01 00:00:00,Agent_0,Voice,Billing,74,2,1,Resolved,2027-01-01,0.014206686358743226
TICK-B868,2027-01-27 00:00:00,Agent_43,Email,General,936,175,5,Dropped,2027-01-27,0.8768555679204939
TICK-B869,2027-01-28 00:00:00,Agent_45,Email,General,979,183,5,Dropped,2027-01-28,0.9196405902016812
TICK-B870,2027-01-13 00:00:00,Agent_20,Chat,Tech Support,478,83,3,Open,2027-01-13,0.4189893100504408
TICK-B871,2027-01-29 00:00:00,Agent_48,Email,General,1022,192,5,Dropped,2027-01-29,0.9623710590359744
TICK-B872,2027-01-22 00:00:00,Agent_35,Email,General,765,141,4,Dropped,2027-01-22,0.7058195476666426
TICK-B873,2027-01-11 00:00:00,Agent_17,Chat,Tech Support,413,70,2,Open,2027-01-11,0.353575276066352
TICK-B874,2027-01-30 00:00:00,Agent_49,Email,General,1040,196,5,Dropped,2027-01-30,0.9805483747600394
TICK-B875,2027-01-21 00:00:00,Agent_34,Email,General,752,138,4,Dropped,2027-01-21,0.6928358620242681
TICK-B876,2027-01-24 00:00:00,Agent_38,Email,General,827,153,4,Dropped,2027-01-24,0.7672359348839819
TICK-B877,2027-01-24 00:00:00,Agent_39,Email,General,852,158,4,Dropped,2027-01-24,0.792416931041784
TICK-B878,2027-01-14 00:00:00,Agent_22,Chat,Tech Support,500,88,3,Open,2027-01-14,0.44095715514421807
TICK-B879,2027-01-30 00:00:00,Agent_48,Email,General,1034,194,5,Dropped,2027-01-30,0.9746920095288285
TICK-B880,2027-01-10 00:00:00,Agent_15,Voice,Billing,368,61,2,Resolved,2027-01-10,0.30850478798049374
TICK-B881,2027-01-16 00:00:00,Agent_25,Chat,Tech Support,565,101,3,Open,2027-01-16,0.5051514131833201
TICK-B882,2027-01-29 00:00:00,Agent_48,Email,General,1023,192,5,Dropped,2027-01-29,0.963963097365877
TICK-B883,2027-01-15 00:00:00,Agent_23,Chat,Tech Support,531,94,3,Open,2027-01-15,0.4715445389462418
TICK-B884,2027-01-29 00:00:00,Agent_48,Email,General,1025,193,5,Dropped,2027-01-29,0.9650235523173358
TICK-B885,2027-01-20 00:00:00,Agent_32,Chat,Tech Support,707,129,4,Open,2027-01-20,0.6470307675720212
TICK-B886,2027-01-27 00:00:00,Agent_44,Email,General,950,178,5,Dropped,2027-01-27,0.8906114074271773
TICK-B887,2027-01-09 00:00:00,Agent_14,Voice,Billing,358,59,2,Resolved,2027-01-09,0.29862891567806227
TICK-B888,2027-01-24 00:00:00,Agent_39,Email,General,843,156,4,Dropped,2027-01-24,0.7838977835749724
TICK-B889,2027-01-05 00:00:00,Agent_8,Voice,Billing,221,32,1,Resolved,2027-01-05,0.16127945630424012
TICK-B890,2027-01-23 00:00:00,Agent_37,Email,General,811,150,4,Dropped,2027-01-23,0.7511238647146108
TICK-B891,2027-01-29 00:00:00,Agent_48,Email,General,1026,193,5,Dropped,2027-01-29,0.9664435887239052
TICK-B892,2027-01-30 00:00:00,Agent_49,Email,General,1044,196,5,Dropped,2027-01-30,0.9847269972593289
TICK-B893,2027-01-24 00:00:00,Agent_39,Email,General,854,158,4,Dropped,2027-01-24,0.7942939100985272
TICK-B894,2027-01-28 00:00:00,Agent_46,Email,General,982,184,5,Dropped,2027-01-28,0.9221178162140014
TICK-B895,2027-01-23 00:00:00,Agent_37,Email,General,816,151,4,Dropped,2027-01-23,0.7569834389408686
TICK-B896,2027-01-13 00:00:00,Agent_20,Chat,Tech Support,463,80,3,Open,2027-01-13,0.40304047104209095
TICK-B897,2027-01-01 00:00:00,Agent_1,Voice,Billing,86,5,1,Resolved,2027-01-01,0.026273177541767945
TICK-B898,2027-01-01 00:00:00,Agent_0,Voice,Billing,63,0,1,Resolved,2027-01-01,0.003957428447236122
TICK-B899,2027-01-21 00:00:00,Agent_33,Email,General,733,134,4,Dropped,2027-01-21,0.6735610600462703
TICK-B900,2027-01-26 00:00:00,Agent_42,Email,General,900,168,5,Dropped,2027-01-26,0.8405186335174903
TICK-B901,2027-01-16 00:00:00,Agent_25,Chat,Tech Support,579,103,3,Open,2027-01-16,0.5191457152309449
TICK-B902,2027-01-07 00:00:00,Agent_10,Voice,Billing,265,41,2,Resolved,2027-01-07,0.20528152633203445
TICK-B903,2027-01-13 00:00:00,Agent_20,Chat,Tech Support,478,83,3,Open,2027-01-13,0.4181768893550446
TICK-B904,2027-01-25 00:00:00,Agent_41,Email,General,884,164,5,Dropped,2027-01-25,0.8248124168291316
TICK-B905,2027-01-26 00:00:00,Agent_42,Email,General,918,171,5,Dropped,2027-01-26,0.8586974244291805
TICK-B906,2027-01-11 00:00:00,Agent_16,Chat,Tech Support,394,66,2,Open,2027-01-11,0.3343631385762674
TICK-B907,2027-01-03 00:00:00,Agent_4,Voice,Billing,156,19,1,Resolved,2027-01-03,0.09611656878926611
TICK-B908,2027-01-17 00:00:00,Agent_28,Chat,Tech Support,623,112,3,Open,2027-01-17,0.5637455507705257
TICK-B909,2027-01-10 00:00:00,Agent_15,Voice,Billing,379,63,2,Resolved,2027-01-10,0.3199026166486342
TICK-B910,2027-01-01 00:00:00,Agent_1,Voice,Billing,82,4,1,Resolved,2027-01-01,0.022325041386183075
TICK-B911,2027-01-16 00:00:00,Agent_25,Chat,Tech Support,575,103,3,Open,2027-01-16,0.5159180144182904
TICK-B912,2027-01-05 00:00:00,Agent_8,Voice,Billing,224,32,1,Resolved,2027-01-05,0.1646831337911403
TICK-B913,2027-01-09 00:00:00,Agent_14,Voice,Billing,350,58,2,Resolved,2027-01-09,0.29015721136337547
TICK-B914,2027-01-06 00:00:00,Agent_9,Voice,Billing,241,36,1,Resolved,2027-01-06,0.1817025094459912
TICK-B915,2027-01-03 00:00:00,Agent_4,Voice,Billing,150,18,1,Resolved,2027-01-03,0.09000609093563294
TICK-B916,2027-01-04 00:00:00,Agent_5,Voice,Billing,179,23,1,Resolved,2027-01-04,0.11900465579618735
TICK-B917,2027-01-22 00:00:00,Agent_35,Email,General,772,142,4,Dropped,2027-01-22,0.7126865877252809
TICK-B918,2027-01-18 00:00:00,Agent_29,Chat,Tech Support,644,116,3,Open,2027-01-18,0.5843052618559333
TICK-B919,2027-01-24 00:00:00,Agent_38,Email,General,833,154,4,Dropped,2027-01-24,0.7736398454813094
TICK-B920,2027-01-18 00:00:00,Agent_28,Chat,Tech Support,634,114,3,Open,2027-01-18,0.5741066202538583
TICK-B921,2027-01-23 00:00:00,Agent_37,Email,General,809,149,4,Dropped,2027-01-23,0.7495483225423926
TICK-B922,2027-01-16 00:00:00,Agent_26,Chat,Tech Support,590,106,3,Open,2027-01-16,0.5302729096134515
TICK-B923,2027-01-05 00:00:00,Agent_7,Voice,Billing,205,29,1,Resolved,2027-01-05,0.14546437572717874
TICK-B924,2027-01-06 00:00:00,Agent_8,Voice,Billing,231,34,1,Resolved,2027-01-06,0.17142723054735043
TICK-B925,2027-01-29 00:00:00,Agent_47,Email,General,1011,190,5,Dropped,2027-01-29,0.9517992506947709
TICK-B926,2027-01-29 00:00:00,Agent_48,Email,General,1022,192,5,Dropped,2027-01-29,0.9624552255048318
TICK-B927,2027-01-20 00:00:00,Agent_31,Chat,Tech Support,697,127,4,Open,2027-01-20,0.637329704176576
TICK-B928,2027-01-06 00:00:00,Agent_9,Voice,Billing,253,38,1,Resolved,2027-01-06,0.19302104829397548
TICK-B929,2027-01-03 00:00:00,Agent_3,Voice,Billing,131,14,1,Resolved,2027-01-03,0.07195430600589392
TICK-B930,2027-01-28 00:00:00,Agent_45,Email,General,974,182,5,Dropped,2027-01-28,0.9149257174601869
TICK-B931,2027-01-30 00:00:00,Agent_49,Email,General,1048,197,5,Dropped,2027-01-30,0.9880850725121612
TICK-B932,2027-01-10 00:00:00,Agent_16,Voice,Billing,381,64,2,Resolved,2027-01-10,0.32180365552115675
TICK-B933,2027-01-27 00:00:00,Agent_44,Email,General,954,178,5,Dropped,2027-01-27,0.8949980728626565
TICK-B934,2027-01-11 00:00:00,Agent_17,Chat,Tech Support,408,69,2,Open,2027-01-11,0.3482549579823565
TICK-B935,2027-01-14 00:00:00,Agent_22,Chat,Tech Support,502,88,3,Open,2027-01-14,0.44227949920311804
TICK-B936,2027-01-06 00:00:00,Agent_9,Voice,Billing,242,36,1,Resolved,2027-01-06,0.18231249570853336
TICK-B937,2027-01-17 00:00:00,Agent_28,Chat,Tech Support,620,112,3,Open,2027-01-17,0.5602225084447614
TICK-B938,2027-01-21 00:00:00,Agent_33,Email,General,727,133,4,Dropped,2027-01-21,0.6676825624798471
TICK-B939,2027-01-26 00:00:00,Agent_42,Email,General,917,171,5,Dropped,2027-01-26,0.857090855891281
TICK-B940,2027-01-05 00:00:00,Agent_8,Voice,Billing,220,32,1,Resolved,2027-01-05,0.16014016800470132
TICK-B941,2027-01-28 00:00:00,Agent_46,Email,General,983,184,5,Dropped,2027-01-28,0.9236191098533519
TICK-B942,2027-01-05 00:00:00,Agent_7,Voice,Billing,208,29,1,Resolved,2027-01-05,0.14812468412837776
TICK-B943,2027-01-07 00:00:00,Agent_11,Voice,Billing,286,45,2,Resolved,2027-01-07,0.22660674455338592
TICK-B944,2027-01-10 00:00:00,Agent_15,Voice,Billing,372,62,2,Resolved,2027-01-10,0.31220840381895976
TICK-B945,2027-01-24 00:00:00,Agent_39,Email,General,850,158,4,Dropped,2027-01-24,0.7903250358159987
TICK-B946,2027-01-23 00:00:00,Agent_37,Email,General,813,150,4,Dropped,2027-01-23,0.7533194261116711
TICK-B947,2027-01-20 00:00:00,Agent_33,Chat,Tech Support,722,132,4,Open,2027-01-20,0.6620065709627625
TICK-B948,2027-01-04 00:00:00,Agent_5,Voice,Billing,179,23,1,Resolved,2027-01-04,0.11984144914777206
TICK-B949,2027-01-08 00:00:00,Agent_12,Voice,Billing,316,51,2,Resolved,2027-01-08,0.256187847152212
TICK-B950,2027-01-28 00:00:00,Agent_45,Email,General,961,180,5,Dropped,2027-01-28,0.9017656562400391
TICK-B951,2027-01-25 00:00:00,Agent_40,Email,General,879,163,5,Dropped,2027-01-25,0.8194139798192029
TICK-B952,2027-01-29 00:00:00,Agent_47,Email,General,1017,191,5,Dropped,2027-01-29,0.9577721468364437
TICK-B953,2027-01-02 00:00:00,Agent_2,Voice,Billing,101,8,1,Resolved,2027-01-02,0.04156638562286752
TICK-B954,2027-01-18 00:00:00,Agent_28,Chat,Tech Support,631,114,3,Open,2027-01-18,0.571758787964324
TICK-B955,2027-01-09 00:00:00,Agent_14,Voice,Billing,350,58,2,Resolved,2027-01-09,0.2909635551769426
TICK-B956,2027-01-22 00:00:00,Agent_36,Email,General,790,146,4,Dropped,2027-01-22,0.7307808156766025
TICK-B957,2027-01-18 00:00:00,Agent_28,Chat,Tech Support,630,114,3,Open,2027-01-18,0.5703562815394515
TICK-B958,2027-01-25 00:00:00,Agent_41,Email,General,883,164,5,Dropped,2027-01-25,0.8236981605079708
TICK-B959,2027-01-02 00:00:00,Agent_1,Voice,Billing,98,7,1,Resolved,2027-01-02,0.03846596345211062
TICK-B960,2027-01-03 00:00:00,Agent_3,Voice,Billing,136,15,1,Resolved,2027-01-03,0.07668931145545488
TICK-B961,2027-01-06 00:00:00,Agent_9,Voice,Billing,247,37,1,Resolved,2027-01-06,0.18721226476912434
TICK-B962,2027-01-08 00:00:00,Agent_12,Voice,Billing,318,51,2,Resolved,2027-01-08,0.2587888319646291
TICK-B963,2027-01-17 00:00:00,Agent_26,Chat,Tech Support,597,107,3,Open,2027-01-17,0.5375427073363377
TICK-B964,2027-01-02 00:00:00,Agent_2,Voice,Billing,109,9,1,Resolved,2027-01-02,0.049465174484096375
TICK-B965,2027-01-14 00:00:00,Agent_22,Chat,Tech Support,519,91,3,Open,2027-01-14,0.4598136530546525
TICK-B966,2027-01-01 00:00:00,Agent_0,Voice,Billing,71,2,1,Resolved,2027-01-01,0.011076674533637476
TICK-B967,2027-01-17 00:00:00,Agent_27,Chat,Tech Support,618,111,3,Open,2027-01-17,0.5580423497879323
TICK-B968,2027-01-10 00:00:00,Agent_16,Voice,Billing,387,65,2,Resolved,2027-01-10,0.3275711534256164
TICK-B969,2027-01-10 00:00:00,Agent_16,Voice,Billing,384,64,2,Resolved,2027-01-10,0.32424225438930554
TICK-B970,2027-01-11 00:00:00,Agent_17,Chat,Tech Support,406,69,2,Open,2027-01-11,0.3463765380600662
TICK-B971,2027-01-03 00:00:00,Agent_4,Voice,Billing,143,16,1,Resolved,2027-01-03,0.08380295121807924
TICK-B972,2027-01-26 00:00:00,Agent_42,Email,General,910,170,5,Dropped,2027-01-26,0.8505147112723676
TICK-B973,2027-01-18 00:00:00,Agent_28,Chat,Tech Support,636,115,3,Open,2027-01-18,0.5768686277762385
TICK-B974,2027-01-30 00:00:00,Agent_48,Email,General,1035,195,5,Dropped,2027-01-30,0.9756249849686447
TICK-B975,2027-01-04 00:00:00,Agent_5,Voice,Billing,175,23,1,Resolved,2027-01-04,0.11574963035289776
TICK-B976,2027-01-06 00:00:00,Agent_9,Voice,Billing,257,39,1,Resolved,2027-01-06,0.19783026791282365
TICK-B977,2027-01-26 00:00:00,Agent_41,Email,General,898,167,5,Dropped,2027-01-26,0.8387132979601508
TICK-B978,2027-01-18 00:00:00,Agent_28,Chat,Tech Support,639,115,3,Open,2027-01-18,0.5798351329909424
TICK-B979,2027-01-16 00:00:00,Agent_26,Chat,Tech Support,592,106,3,Open,2027-01-16,0.5327359947707054
TICK-B980,2027-01-13 00:00:00,Agent_20,Chat,Tech Support,470,82,3,Open,2027-01-13,0.41035467553930804
TICK-B981,2027-01-17 00:00:00,Agent_27,Chat,Tech Support,609,109,3,Open,2027-01-17,0.5492360924241478
TICK-B982,2027-01-28 00:00:00,Agent_45,Email,General,961,180,5,Dropped,2027-01-28,0.9012856890662092
TICK-B983,2027-01-19 00:00:00,Agent_31,Chat,Tech Support,688,125,4,Open,2027-01-19,0.6286959867211402
TICK-B984,2027-01-26 00:00:00,Agent_41,Email,General,899,167,5,Dropped,2027-01-26,0.8395648162954555
TICK-B985,2027-01-08 00:00:00,Agent_12,Voice,Billing,302,48,2,Resolved,2027-01-08,0.24287098101250182
TICK-B986,2027-01-25 00:00:00,Agent_40,Email,General,868,161,5,Dropped,2027-01-25,0.8083805565290126
TICK-B987,2027-01-20 00:00:00,Agent_33,Chat,Tech Support,723,132,4,Open,2027-01-20,0.6631116702908829
TICK-B988,2027-01-11 00:00:00,Agent_18,Chat,Tech Support,421,72,2,Open,2027-01-11,0.3612664295478638
TICK-B989,2027-01-10 00:00:00,Agent_16,Voice,Billing,386,65,2,Resolved,2027-01-10,0.32609020733489014
TICK-B990,2027-01-18 00:00:00,Agent_29,Chat,Tech Support,659,119,3,Open,2027-01-18,0.5999199242093476
TICK-B991,2027-01-27 00:00:00,Agent_44,Email,General,940,176,5,Dropped,2027-01-27,0.8801249888396848
TICK-B992,2027-01-06 00:00:00,Agent_8,Voice,Billing,236,35,1,Resolved,2027-01-06,0.17613678181546466
TICK-B993,2027-01-15 00:00:00,Agent_24,Chat,Tech Support,549,97,3,Open,2027-01-15,0.48953610015507953
TICK-B994,2027-01-27 00:00:00,Agent_44,Email,General,952,178,5,Dropped,2027-01-27,0.8923743730661793
TICK-B995,2027-01-05 00:00:00,Agent_8,Voice,Billing,224,32,1,Resolved,2027-01-05,0.16413295276767426
TICK-B996,2027-01-30 00:00:00,Agent_48,Email,General,1036,195,5,Dropped,2027-01-30,0.9761058339569305
TICK-B997,2027-01-01 00:00:00,Agent_0,Voice,Billing,64,0,1,Resolved,2027-01-01,0.004418324633518211
TICK-B998,2027-01-22 00:00:00,Agent_35,Email,General,770,142,4,Dropped,2027-01-22,0.7106437893285498
TICK-B999,2027-01-30 00:00:00,Agent_48,Email,General,1036,195,5,Dropped,2027-01-30,0.9768569563782481
TICK-B1000,2027-01-28 00:00:00,Agent_46,Email,General,984,184,5,Dropped,2027-01-28,0.9245804961418413
TICK-B1001,2027-01-22 00:00:00,Agent_35,Email,General,776,143,4,Dropped,2027-01-22,0.716355860907858
TICK-B1002,2027-01-17 00:00:00,Agent_27,Chat,Tech Support,616,111,3,Open,2027-01-17,0.5565141521127462
TICK-B1003,2027-01-14 00:00:00,Agent_22,Chat,Tech Support,500,88,3,Open,2027-01-14,0.4404880077557677
TICK-B1004,2027-01-29 00:00:00,Agent_46,Email,General,999,187,5,Dropped,2027-01-29,0.9398310277550663
TICK-B1005,2027-01-16 00:00:00,Agent_25,Chat,Tech Support,579,103,3,Open,2027-01-16,0.5192855516711963
TICK-B1006,2027-01-15 00:00:00,Agent_23,Chat,Tech Support,534,94,3,Open,2027-01-15,0.47477716434502004
TICK-B1007,2027-01-29 00:00:00,Agent_47,Email,General,1014,190,5,Dropped,2027-01-29,0.9547052069450106
TICK-B1008,2027-01-16 00:00:00,Agent_26,Chat,Tech Support,582,104,3,Open,2027-01-16,0.5221789822729741
TICK-B1009,2027-01-20 00:00:00,Agent_32,Chat,Tech Support,719,131,4,Open,2027-01-20,0.6593834983980164
TICK-B1010,2027-01-16 00:00:00,Agent_25,Chat,Tech Support,577,103,3,Open,2027-01-16,0.5170947051136338
TICK-B1011,2027-01-18 00:00:00,Agent_29,Chat,Tech Support,644,116,3,Open,2027-01-18,0.5848206586690015
TICK-B1012,2027-01-20 00:00:00,Agent_32,Chat,Tech Support,704,128,4,Open,2027-01-20,0.6448697171353136
TICK-B1013,2027-01-26 00:00:00,Agent_42,Email,General,912,170,5,Dropped,2027-01-26,0.8520995258903793
TICK-B1014,2027-01-23 00:00:00,Agent_37,Email,General,810,150,4,Dropped,2027-01-23,0.7500334195029043
TICK-B1015,2027-01-03 00:00:00,Agent_3,Voice,Billing,129,13,1,Resolved,2027-01-03,0.06921391888284523
TICK-B1016,2027-01-28 00:00:00,Agent_45,Email,General,962,180,5,Dropped,2027-01-28,0.9023312384515254
TICK-B1017,2027-01-30 00:00:00,Agent_48,Email,General,1034,194,5,Dropped,2027-01-30,0.9745700784640566
TICK-B1018,2027-01-28 00:00:00,Agent_45,Email,General,977,183,5,Dropped,2027-01-28,0.9173961087834813
TICK-B1019,2027-01-11 00:00:00,Agent_18,Chat,Tech Support,421,72,2,Open,2027-01-11,0.3619108994088901
TICK-B1020,2027-01-30 00:00:00,Agent_49,Email,General,1059,199,5,Dropped,2027-01-30,0.9997538110015776
TICK-B1021,2027-01-17 00:00:00,Agent_27,Chat,Tech Support,610,110,3,Open,2027-01-17,0.5504557045929661
TICK-B1022,2027-01-04 00:00:00,Agent_6,Voice,Billing,181,24,1,Resolved,2027-01-04,0.1219938430563674
TICK-B1023,2027-01-19 00:00:00,Agent_30,Chat,Tech Support,662,120,4,Open,2027-01-19,0.6025760447195172
TICK-B1024,2027-01-23 00:00:00,Agent_37,Email,General,809,149,4,Dropped,2027-01-23,0.7499127942642934
TICK-B1025,2027-01-03 00:00:00,Agent_3,Voice,Billing,137,15,1,Resolved,2027-01-03,0.07780811634706453
TICK-B1026,2027-01-12 00:00:00,Agent_19,Chat,Tech Support,442,76,2,Open,2027-01-12,0.38264427151744873
TICK-B1027,2027-01-29 00:00:00,Agent_47,Email,General,1019,191,5,Dropped,2027-01-29,0.9593207128576143
TICK-B1028,2027-01-23 00:00:00,Agent_36,Email,General,797,147,4,Dropped,2027-01-23,0.7375311329998192
TICK-B1029,2027-01-20 00:00:00,Agent_32,Chat,Tech Support,715,131,4,Open,2027-01-20,0.655241539674244
TICK-B1030,2027-01-22 00:00:00,Agent_36,Email,General,786,145,4,Dropped,2027-01-22,0.7268096646408668
TICK-B1031,2027-01-24 00:00:00,Agent_39,Email,General,850,158,4,Dropped,2027-01-24,0.7907258038395517
TICK-B1032,2027-01-28 00:00:00,Agent_45,Email,General,977,183,5,Dropped,2027-01-28,0.9176151511443608
TICK-B1033,2027-01-04 00:00:00,Agent_6,Voice,Billing,188,25,1,Resolved,2027-01-04,0.128670891790705
TICK-B1034,2027-01-11 00:00:00,Agent_17,Chat,Tech Support,407,69,2,Open,2027-01-11,0.34754372920389665
TICK-B1035,2027-01-11 00:00:00,Agent_17,Chat,Tech Support,413,70,2,Open,2027-01-11,0.35332961614216374
TICK-B1036,2027-01-27 00:00:00,Agent_44,Email,General,957,179,5,Dropped,2027-01-27,0.8976121674115577
TICK-B1037,2027-01-04 00:00:00,Agent_5,Voice,Billing,166,21,1,Resolved,2027-01-04,0.10633923926095157
TICK-B1038,2027-01-19 00:00:00,Agent_30,Chat,Tech Support,678,123,4,Open,2027-01-19,0.6184835242327433
TICK-B1039,2027-01-13 00:00:00,Agent_21,Chat,Tech Support,482,84,3,Open,2027-01-13,0.4229363744465803
TICK-B1040,2027-01-03 00:00:00,Agent_4,Voice,Billing,141,16,1,Resolved,2027-01-03,0.08116664040983779
TICK-B1041,2027-01-26 00:00:00,Agent_42,Email,General,910,170,5,Dropped,2027-01-26,0.8507883101226982
TICK-B1042,2027-01-13 00:00:00,Agent_21,Chat,Tech Support,487,85,3,Open,2027-01-13,0.4270942444170921
TICK-B1043,2027-01-27 00:00:00,Agent_44,Email,General,957,179,5,Dropped,2027-01-27,0.8979316426176966
TICK-B1044,2027-01-27 00:00:00,Agent_43,Email,General,927,173,5,Dropped,2027-01-27,0.8674637775533885
TICK-B1045,2027-01-23 00:00:00,Agent_37,Email,General,807,149,4,Dropped,2027-01-23,0.7477167454539304
TICK-B1046,2027-01-18 00:00:00,Agent_28,Chat,Tech Support,639,115,3,Open,2027-01-18,0.579906986972299
TICK-B1047,2027-01-01 00:00:00,Agent_1,Voice,Billing,88,5,1,Resolved,2027-01-01,0.02885997715906774
TICK-B1048,2027-01-30 00:00:00,Agent_49,Email,General,1040,196,5,Dropped,2027-01-30,0.9802712827988483
TICK-B1049,2027-01-23 00:00:00,Agent_37,Email,General,817,151,4,Dropped,2027-01-23,0.7571412551923778
TICK-B1050,2027-01-11 00:00:00,Agent_17,Chat,Tech Support,404,68,2,Open,2027-01-11,0.34499126286338777
TICK-B1051,2027-01-28 00:00:00,Agent_45,Email,General,979,183,5,Dropped,2027-01-28,0.9191068885949183
TICK-B1052,2027-01-20 00:00:00,Agent_31,Chat,Tech Support,694,126,4,Open,2027-01-20,0.6344878189791167
TICK-B1053,2027-01-12 00:00:00,Agent_18,Chat,Tech Support,434,74,2,Open,2027-01-12,0.37440063662720846
TICK-B1054,2027-01-07 00:00:00,Agent_11,Voice,Billing,286,45,2,Resolved,2027-01-07,0.22680690650656654
TICK-B1055,2027-01-07 00:00:00,Agent_11,Voice,Billing,286,45,2,Resolved,2027-01-07,0.22608993419934142
TICK-B1056,2027-01-25 00:00:00,Agent_40,Email,General,868,161,5,Dropped,2027-01-25,0.8081217076571627
TICK-B1057,2027-01-13 00:00:00,Agent_20,Chat,Tech Support,469,81,3,Open,2027-01-13,0.4090012674130292
TICK-B1058,2027-01-23 00:00:00,Agent_37,Email,General,806,149,4,Dropped,2027-01-23,0.746072347976338
TICK-B1059,2027-01-04 00:00:00,Agent_6,Voice,Billing,187,25,1,Resolved,2027-01-04,0.12703836612266095
TICK-B1060,2027-01-16 00:00:00,Agent_25,Chat,Tech Support,576,103,3,Open,2027-01-16,0.5164693326420682
TICK-B1061,2027-01-25 00:00:00,Agent_41,Email,General,881,164,5,Dropped,2027-01-25,0.8214338449605728
TICK-B1062,2027-01-10 00:00:00,Agent_15,Voice,Billing,373,62,2,Resolved,2027-01-10,0.31351949103151733
TICK-B1063,2027-01-05 00:00:00,Agent_7,Voice,Billing,203,28,1,Resolved,2027-01-05,0.14313559864348946
TICK-B1064,2027-01-18 00:00:00,Agent_28,Chat,Tech Support,628,113,3,Open,2027-01-18,0.5682560200370492
TICK-B1065,2027-01-03 00:00:00,Agent_4,Voice,Billing,157,19,1,Resolved,2027-01-03,0.09797320574144186
TICK-B1066,2027-01-23 00:00:00,Agent_37,Email,General,805,149,4,Dropped,2027-01-23,0.7457313044580646
TICK-B1067,2027-01-17 00:00:00,Agent_26,Chat,Tech Support,596,107,3,Open,2027-01-17,0.5361633523379004
TICK-B1068,2027-01-19 00:00:00,Agent_30,Chat,Tech Support,677,123,4,Open,2027-01-19,0.61704437245182
TICK-B1069,2027-01-22 00:00:00,Agent_36,Email,General,782,144,4,Dropped,2027-01-22,0.7227994782937849
TICK-B1070,2027-01-10 00:00:00,Agent_16,Voice,Billing,391,66,2,Resolved,2027-01-10,0.33174484440822816
TICK-B1071,2027-01-26 00:00:00,Agent_42,Email,General,905,169,5,Dropped,2027-01-26,0.8457085105042134
TICK-B1072,2027-01-13 00:00:00,Agent_21,Chat,Tech Support,484,84,3,Open,2027-01-13,0.4247508871506862
TICK-B1073,2027-01-07 00:00:00,Agent_10,Voice,Billing,273,42,2,Resolved,2027-01-07,0.21306713581777126
TICK-B1074,2027-01-15 00:00:00,Agent_23,Chat,Tech Support,527,93,3,Open,2027-01-15,0.4671798655302166
TICK-B1075,2027-01-17 00:00:00,Agent_27,Chat,Tech Support,614,110,3,Open,2027-01-17,0.554069050217345
TICK-B1076,2027-01-24 00:00:00,Agent_39,Email,General,853,158,4,Dropped,2027-01-24,0.7932101689925986
TICK-B1077,2027-01-16 00:00:00,Agent_25,Chat,Tech Support,560,100,3,Open,2027-01-16,0.5006440470069198
TICK-B1078,2027-01-15 00:00:00,Agent_24,Chat,Tech Support,542,96,3,Open,2027-01-15,0.48261977230845865
TICK-B1079,2027-01-24 00:00:00,Agent_38,Email,General,828,153,4,Dropped,2027-01-24,0.7682701869234825
TICK-B1080,2027-01-29 00:00:00,Agent_47,Email,General,1008,189,5,Dropped,2027-01-29,0.9486506901002917
TICK-B1081,2027-01-12 00:00:00,Agent_19,Chat,Tech Support,449,77,2,Open,2027-01-12,0.3891107690897506
TICK-B1082,2027-01-26 00:00:00,Agent_43,Email,General,925,173,5,Dropped,2027-01-26,0.865561935710553
TICK-B1083,2027-01-16 00:00:00,Agent_25,Chat,Tech Support,579,103,3,Open,2027-01-16,0.5196231340463505
TICK-B1084,2027-01-23 00:00:00,Agent_38,Email,General,822,152,4,Dropped,2027-01-23,0.7621999146069625
TICK-B1085,2027-01-24 00:00:00,Agent_38,Email,General,833,154,4,Dropped,2027-01-24,0.7730848037233016
TICK-B1086,2027-01-18 00:00:00,Agent_28,Chat,Tech Support,627,113,3,Open,2027-01-18,0.5670143988950836
TICK-B1087,2027-01-30 00:00:00,Agent_49,Email,General,1044,196,5,Dropped,2027-01-30,0.9841699933381015
TICK-B1088,2027-01-04 00:00:00,Agent_6,Voice,Billing,187,25,1,Resolved,2027-01-04,0.12789761250492848
TICK-B1089,2027-01-01 00:00:00,Agent_1,Voice,Billing,87,5,1,Resolved,2027-01-01,0.02743846766775515
TICK-B1090,2027-01-23 00:00:00,Agent_36,Email,General,795,147,4,Dropped,2027-01-23,0.7356349149325097
TICK-B1091,2027-01-02 00:00:00,Agent_2,Voice,Billing,113,10,1,Resolved,2027-01-02,0.05301272347760411
TICK-B1092,2027-01-10 00:00:00,Agent_15,Voice,Billing,369,61,2,Resolved,2027-01-10,0.3092345488589625
TICK-B1093,2027-01-20 00:00:00,Agent_32,Chat,Tech Support,715,131,4,Open,2027-01-20,0.6556557265440758
TICK-B1094,2027-01-25 00:00:00,Agent_41,Email,General,883,164,5,Dropped,2027-01-25,0.8239540356900195
TICK-B1095,2027-01-08 00:00:00,Agent_12,Voice,Billing,314,50,2,Resolved,2027-01-08,0.2545723646083351
TICK-B1096,2027-01-17 00:00:00,Agent_26,Chat,Tech Support,594,106,3,Open,2027-01-17,0.5343826946960172
TICK-B1097,2027-01-01 00:00:00,Agent_1,Voice,Billing,83,4,1,Resolved,2027-01-01,0.023784424950195948
TICK-B1098,2027-01-05 00:00:00,Agent_7,Voice,Billing,215,31,1,Resolved,2027-01-05,0.15505542161313812
TICK-B1099,2027-01-10 00:00:00,Agent_15,Voice,Billing,364,60,2,Resolved,2027-01-10,0.3045601045228724
TICK-B1100,2027-01-28 00:00:00,Agent_45,Email,General,971,182,5,Dropped,2027-01-28,0.9114533660088722
TICK-B1101,2027-01-26 00:00:00,Agent_42,Email,General,911,170,5,Dropped,2027-01-26,0.851786019165715
TICK-B1102,2027-01-05 00:00:00,Agent_8,Voice,Billing,225,33,1,Resolved,2027-01-05,0.16576342685811685
TICK-B1103,2027-01-16 00:00:00,Agent_25,Chat,Tech Support,572,102,3,Open,2027-01-16,0.5122060627175906
TICK-B1104,2027-01-25 00:00:00,Agent_41,Email,General,882,164,5,Dropped,2027-01-25,0.8228806090214679
TICK-B1105,2027-01-01 00:00:00,Agent_0,Voice,Billing,69,1,1,Resolved,2027-01-01,0.009556376646793319
TICK-B1106,2027-01-01 00:00:00,Agent_0,Voice,Billing,79,3,1,Resolved,2027-01-01,0.01925523096066828
TICK-B1107,2027-01-08 00:00:00,Agent_12,Voice,Billing,302,48,2,Resolved,2027-01-08,0.24205189175958985
TICK-B1108,2027-01-30 00:00:00,Agent_49,Email,General,1045,197,5,Dropped,2027-01-30,0.9855658772999357
TICK-B1109,2027-01-29 00:00:00,Agent_47,Email,General,1009,189,5,Dropped,2027-01-29,0.9491093348467972
TICK-B1110,2027-01-03 00:00:00,Agent_3,Voice,Billing,137,15,1,Resolved,2027-01-03,0.07733760486205721
TICK-B1111,2027-01-15 00:00:00,Agent_23,Chat,Tech Support,530,94,3,Open,2027-01-15,0.47059455925607985
TICK-B1112,2027-01-06 00:00:00,Agent_9,Voice,Billing,249,37,1,Resolved,2027-01-06,0.18962164562225847
TICK-B1113,2027-01-02 00:00:00,Agent_2,Voice,Billing,109,9,1,Resolved,2027-01-02,0.04963218757908394
TICK-B1114,2027-01-02 00:00:00,Agent_2,Voice,Billing,101,8,1,Resolved,2027-01-02,0.04169452113129357
TICK-B1115,2027-01-06 00:00:00,Agent_8,Voice,Billing,232,34,1,Resolved,2027-01-06,0.17272053807373977
TICK-B1116,2027-01-15 00:00:00,Agent_24,Chat,Tech Support,553,98,3,Open,2027-01-15,0.49345061851853134
TICK-B1117,2027-01-23 00:00:00,Agent_37,Email,General,816,151,4,Dropped,2027-01-23,0.7560982821290745
TICK-B1118,2027-01-03 00:00:00,Agent_4,Voice,Billing,146,17,1,Resolved,2027-01-03,0.08663012523139857
TICK-B1119,2027-01-26 00:00:00,Agent_41,Email,General,898,167,5,Dropped,2027-01-26,0.8387170956424569
TICK-B1120,2027-01-19 00:00:00,Agent_30,Chat,Tech Support,660,120,4,Open,2027-01-19,0.6007553456201813
TICK-B1121,2027-01-20 00:00:00,Agent_32,Chat,Tech Support,710,130,4,Open,2027-01-20,0.6508171741258922
TICK-B1122,2027-01-03 00:00:00,Agent_4,Voice,Billing,153,18,1,Resolved,2027-01-03,0.09355837324797367
TICK-B1123,2027-01-11 00:00:00,Agent_17,Chat,Tech Support,415,71,2,Open,2027-01-11,0.35525509027482816
TICK-B1124,2027-01-30 00:00:00,Agent_49,Email,General,1049,197,5,Dropped,2027-01-30,0.9892310870769457
TICK-B1125,2027-01-22 00:00:00,Agent_35,Email,General,772,142,4,Dropped,2027-01-22,0.7123434733660208
TICK-B1126,2027-01-29 00:00:00,Agent_46,Email,General,999,187,5,Dropped,2027-01-29,0.9398372061011304
TICK-B1127,2027-01-13 00:00:00,Agent_21,Chat,Tech Support,486,85,3,Open,2027-01-13,0.42634161281044236
TICK-B1128,2027-01-30 00:00:00,Agent_49,Email,General,1055,199,5,Dropped,2027-01-30,0.995855522436269
TICK-B1129,2027-01-27 00:00:00,Agent_44,Email,General,957,179,5,Dropped,2027-01-27,0.8979051252006154
TICK-B1130,2027-01-21 00:00:00,Agent_34,Email,General,758,139,4,Dropped,2027-01-21,0.6982583065055835
TICK-B1131,2027-01-02 00:00:00,Agent_3,Voice,Billing,124,12,1,Resolved,2027-01-02,0.0644483907314275
TICK-B1132,2027-01-23 00:00:00,Agent_37,Email,General,808,149,4,Dropped,2027-01-23,0.7485582459642734
TICK-B1133,2027-01-10 00:00:00,Agent_16,Voice,Billing,381,64,2,Resolved,2027-01-10,0.32174354387556425
TICK-B1134,2027-01-03 00:00:00,Agent_3,Voice,Billing,134,14,1,Resolved,2027-01-03,0.07491384827061187
TICK-B1135,2027-01-19 00:00:00,Agent_31,Chat,Tech Support,692,126,4,Open,2027-01-19,0.6329768886586282
TICK-B1136,2027-01-28 00:00:00,Agent_45,Email,General,965,181,5,Dropped,2027-01-28,0.9053885261282963
TICK-B1137,2027-01-06 00:00:00,Agent_8,Voice,Billing,229,33,1,Resolved,2027-01-06,0.16963478513082897
TICK-B1138,2027-01-09 00:00:00,Agent_13,Voice,Billing,327,53,2,Resolved,2027-01-09,0.26763094825048084
TICK-B1139,2027-01-16 00:00:00,Agent_26,Chat,Tech Support,590,106,3,Open,2027-01-16,0.530616699970348
TICK-B1140,2027-01-18 00:00:00,Agent_29,Chat,Tech Support,650,118,3,Open,2027-01-18,0.5906535510650107
TICK-B1141,2027-01-15 00:00:00,Agent_24,Chat,Tech Support,547,97,3,Open,2027-01-15,0.48760280529390865
TICK-B1142,2027-01-30 00:00:00,Agent_49,Email,General,1042,196,5,Dropped,2027-01-30,0.9820034634049138
TICK-B1143,2027-01-08 00:00:00,Agent_12,Voice,Billing,318,51,2,Resolved,2027-01-08,0.25857121932960414
TICK-B1144,2027-01-11 00:00:00,Agent_17,Chat,Tech Support,400,68,2,Open,2027-01-11,0.3408759565666548
TICK-B1145,2027-01-26 00:00:00,Agent_42,Email,General,909,169,5,Dropped,2027-01-26,0.8498130194949958
TICK-B1146,2027-01-08 00:00:00,Agent_12,Voice,Billing,302,48,2,Resolved,2027-01-08,0.24285854611204383
TICK-B1147,2027-01-10 00:00:00,Agent_15,Voice,Billing,366,61,2,Resolved,2027-01-10,0.30619139164440856
TICK-B1148,2027-01-15 00:00:00,Agent_24,Chat,Tech Support,541,96,3,Open,2027-01-15,0.48139719018611404
TICK-B1149,2027-01-22 00:00:00,Agent_35,Email,General,770,142,4,Dropped,2027-01-22,0.7102157054556069
TICK-B1150,2027-01-29 00:00:00,Agent_48,Email,General,1021,192,5,Dropped,2027-01-29,0.9617207180520213
TICK-B1151,2027-01-26 00:00:00,Agent_41,Email,General,894,166,5,Dropped,2027-01-26,0.8340829596310027
TICK-B1152,2027-01-22 00:00:00,Agent_35,Email,General,776,143,4,Dropped,2027-01-22,0.7164175023640155
TICK-B1153,2027-01-12 00:00:00,Agent_19,Chat,Tech Support,454,78,2,Open,2027-01-12,0.39422836939361094
TICK-B1154,2027-01-27 00:00:00,Agent_43,Email,General,939,175,5,Dropped,2027-01-27,0.879790594613953
TICK-B1155,2027-01-25 00:00:00,Agent_40,Email,General,865,161,5,Dropped,2027-01-25,0.8058106979353346
TICK-B1156,2027-01-16 00:00:00,Agent_25,Chat,Tech Support,565,101,3,Open,2027-01-16,0.5050815019455713
TICK-B1157,2027-01-18 00:00:00,Agent_28,Chat,Tech Support,628,113,3,Open,2027-01-18,0.5683545236730847
TICK-B1158,2027-01-07 00:00:00,Agent_11,Voice,Billing,291,46,2,Resolved,2027-01-07,0.2317684834805599
TICK-B1159,2027-01-21 00:00:00,Agent_33,Email,General,730,134,4,Dropped,2027-01-21,0.6705997214042018
TICK-B1160,2027-01-10 00:00:00,Agent_16,Voice,Billing,386,65,2,Resolved,2027-01-10,0.32623890793812216
TICK-B1161,2027-01-14 00:00:00,Agent_22,Chat,Tech Support,502,88,3,Open,2027-01-14,0.44245082498497845
TICK-B1162,2027-01-18 00:00:00,Agent_29,Chat,Tech Support,641,116,3,Open,2027-01-18,0.5812756488140947
TICK-B1163,2027-01-24 00:00:00,Agent_38,Email,General,837,155,4,Dropped,2027-01-24,0.7773114290832464
TICK-B1164,2027-01-17 00:00:00,Agent_28,Chat,Tech Support,625,113,3,Open,2027-01-17,0.5656563924799033
TICK-B1165,2027-01-21 00:00:00,Agent_33,Email,General,732,134,4,Dropped,2027-01-21,0.6728229540296686
TICK-B1166,2027-01-27 00:00:00,Agent_43,Email,General,928,173,5,Dropped,2027-01-27,0.8688043609317075
TICK-B1167,2027-01-27 00:00:00,Agent_44,Email,General,958,179,5,Dropped,2027-01-27,0.8980046840128698
TICK-B1168,2027-01-26 00:00:00,Agent_42,Email,General,908,169,5,Dropped,2027-01-26,0.8487916465841023
TICK-B1169,2027-01-26 00:00:00,Agent_42,Email,General,918,171,5,Dropped,2027-01-26,0.8584854099949503
TICK-B1170,2027-01-19 00:00:00,Agent_30,Chat,Tech Support,670,122,4,Open,2027-01-19,0.6105288150272786
TICK-B1171,2027-01-10 00:00:00,Agent_15,Voice,Billing,364,60,2,Resolved,2027-01-10,0.3047541563307262
TICK-B1172,2027-01-19 00:00:00,Agent_30,Chat,Tech Support,666,121,4,Open,2027-01-19,0.606175864835148
TICK-B1173,2027-01-08 00:00:00,Agent_12,Voice,Billing,316,51,2,Resolved,2027-01-08,0.25601705140870823
TICK-B1174,2027-01-15 00:00:00,Agent_24,Chat,Tech Support,559,99,3,Open,2027-01-15,0.49967588104341565
TICK-B1175,2027-01-01 00:00:00,Agent_0,Voice,Billing,66,1,1,Resolved,2027-01-01,0.006384820585985995
TICK-B1176,2027-01-20 00:00:00,Agent_33,Chat,Tech Support,721,132,4,Open,2027-01-20,0.6617837424366523
TICK-B1177,2027-01-01 00:00:00,Agent_1,Voice,Billing,91,6,1,Resolved,2027-01-01,0.03123002120488172
TICK-B1178,2027-01-01 00:00:00,Agent_0,Voice,Billing,71,2,1,Resolved,2027-01-01,0.011608416877163075
TICK-B1179,2027-01-29 00:00:00,Agent_46,Email,General,995,187,5,Dropped,2027-01-29,0.9358667428274158
TICK-B1180,2027-01-22 00:00:00,Agent_35,Email,General,772,142,4,Dropped,2027-01-22,0.7123808717589615
TICK-B1181,2027-01-18 00:00:00,Agent_29,Chat,Tech Support,651,118,3,Open,2027-01-18,0.5914930631318902
TICK-B1182,2027-01-04 00:00:00,Agent_5,Voice,Billing,175,23,1,Resolved,2027-01-04,0.11567791922731252
TICK-B1183,2027-01-19 00:00:00,Agent_31,Chat,Tech Support,689,125,4,Open,2027-01-19,0.6293707254676127
TICK-B1184,2027-01-17 00:00:00,Agent_26,Chat,Tech Support,596,107,3,Open,2027-01-17,0.5362613613583596
TICK-B1185,2027-01-09 00:00:00,Agent_13,Voice,Billing,328,53,2,Resolved,2027-01-09,0.26807581832186933
TICK-B1186,2027-01-24 00:00:00,Agent_38,Email,General,837,155,4,Dropped,2027-01-24,0.7774869921482315
TICK-B1187,2027-01-26 00:00:00,Agent_42,Email,General,904,168,5,Dropped,2027-01-26,0.8447931037588143
TICK-B1188,2027-01-10 00:00:00,Agent_16,Voice,Billing,391,66,2,Resolved,2027-01-10,0.3316230417388586
TICK-B1189,2027-01-21 00:00:00,Agent_33,Email,General,731,134,4,Dropped,2027-01-21,0.6710688869648008
TICK-B1190,2027-01-06 00:00:00,Agent_9,Voice,Billing,256,39,1,Resolved,2027-01-06,0.19690171590205785
TICK-B1191,2027-01-29 00:00:00,Agent_47,Email,General,1012,190,5,Dropped,2027-01-29,0.9522979645842446
TICK-B1192,2027-01-19 00:00:00,Agent_30,Chat,Tech Support,665,121,4,Open,2027-01-19,0.6055003751850886
TICK-B1193,2027-01-26 00:00:00,Agent_42,Email,General,913,170,5,Dropped,2027-01-26,0.8535204487719157
TICK-B1194,2027-01-21 00:00:00,Agent_33,Email,General,737,135,4,Dropped,2027-01-21,0.6777182313383863
TICK-B1195,2027-01-23 00:00:00,Agent_36,Email,General,793,146,4,Dropped,2027-01-23,0.7338291847336955
TICK-B1196,2027-01-30 00:00:00,Agent_48,Email,General,1027,193,5,Dropped,2027-01-30,0.9675845154833393
TICK-B1197,2027-01-29 00:00:00,Agent_47,Email,General,1017,191,5,Dropped,2027-01-29,0.9573442755585772
TICK-B1198,2027-01-07 00:00:00,Agent_10,Voice,Billing,279,43,2,Resolved,2027-01-07,0.21966975444180747
TICK-B1199,2027-01-24 00:00:00,Agent_39,Email,General,848,157,4,Dropped,2027-01-24,0.7883554922487507
TICK-B1200,2027-01-11 00:00:00,Agent_17,Chat,Tech Support,403,68,2,Open,2027-01-11,0.3432380111629386
TICK-B1201,2027-01-09 00:00:00,Agent_14,Voice,Billing,350,58,2,Resolved,2027-01-09,0.29000014408860564
TICK-B1202,2027-01-05 00:00:00,Agent_7,Voice,Billing,202,28,1,Resolved,2027-01-05,0.14298726759100366
TICK-B1203,2027-01-06 00:00:00,Agent_8,Voice,Billing,233,34,1,Resolved,2027-01-06,0.17392671480305288
TICK-B1204,2027-01-04 00:00:00,Agent_6,Voice,Billing,185,25,1,Resolved,2027-01-04,0.1258279507473925
TICK-B1205,2027-01-11 00:00:00,Agent_16,Chat,Tech Support,396,67,2,Open,2027-01-11,0.3365567357204967
TICK-B1206,2027-01-13 00:00:00,Agent_20,Chat,Tech Support,465,81,3,Open,2027-01-13,0.40597953628429306
TICK-B1207,2027-01-30 00:00:00,Agent_48,Email,General,1030,194,5,Dropped,2027-01-30,0.9701794687283511
TICK-B1208,2027-01-07 00:00:00,Agent_10,Voice,Billing,267,41,2,Resolved,2027-01-07,0.20779122552828078
TICK-B1209,2027-01-16 00:00:00,Agent_25,Chat,Tech Support,567,101,3,Open,2027-01-16,0.5070102400849343
TICK-B1210,2027-01-15 00:00:00,Agent_24,Chat,Tech Support,551,98,3,Open,2027-01-15,0.4915932244663912
TICK-B1211,2027-01-15 00:00:00,Agent_24,Chat,Tech Support,542,96,3,Open,2027-01-15,0.48263990488166153
TICK-B1212,2027-01-17 00:00:00,Agent_26,Chat,Tech Support,598,107,3,Open,2027-01-17,0.5383944833688049
TICK-B1213,2027-01-13 00:00:00,Agent_21,Chat,Tech Support,487,85,3,Open,2027-01-13,0.42750885214502665
TICK-B1214,2027-01-01 00:00:00,Agent_1,Voice,Billing,82,4,1,Resolved,2027-01-01,0.022451431491505858
TICK-B1215,2027-01-05 00:00:00,Agent_8,Voice,Billing,223,32,1,Resolved,2027-01-05,0.16307490552523796
TICK-B1216,2027-01-26 00:00:00,Agent_42,Email,General,901,168,5,Dropped,2027-01-26,0.8413202007603819
TICK-B1217,2027-01-02 00:00:00,Agent_2,Voice,Billing,112,10,1,Resolved,2027-01-02,0.052648318091081725
TICK-B1218,2027-01-09 00:00:00,Agent_14,Voice,Billing,356,59,2,Resolved,2027-01-09,0.29675617030711987
TICK-B1219,2027-01-02 00:00:00,Agent_2,Voice,Billing,111,10,1,Resolved,2027-01-02,0.051407655644720274
TICK-B1220,2027-01-16 00:00:00,Agent_26,Chat,Tech Support,586,105,3,Open,2027-01-16,0.5267505584942604
TICK-B1221,2027-01-04 00:00:00,Agent_6,Voice,Billing,185,25,1,Resolved,2027-01-04,0.12588086178938218
TICK-B1222,2027-01-24 00:00:00,Agent_39,Email,General,841,156,4,Dropped,2027-01-24,0.7811241625100408
TICK-B1223,2027-01-28 00:00:00,Agent_45,Email,General,963,180,5,Dropped,2027-01-28,0.9031780988072552
TICK-B1224,2027-01-06 00:00:00,Agent_9,Voice,Billing,258,39,1,Resolved,2027-01-06,0.19886048047057814
TICK-B1225,2027-01-09 00:00:00,Agent_14,Voice,Billing,358,59,2,Resolved,2027-01-09,0.29886034715455256
TICK-B1226,2027-01-24 00:00:00,Agent_38,Email,General,830,154,4,Dropped,2027-01-24,0.7707465407671114
TICK-B1227,2027-01-23 00:00:00,Agent_37,Email,General,802,148,4,Dropped,2027-01-23,0.7426908402461808
TICK-B1228,2027-01-22 00:00:00,Agent_35,Email,General,761,140,4,Dropped,2027-01-22,0.701586932198019
TICK-B1229,2027-01-13 00:00:00,Agent_20,Chat,Tech Support,476,83,3,Open,2027-01-13,0.416421400268117
TICK-B1230,2027-01-16 00:00:00,Agent_25,Chat,Tech Support,568,101,3,Open,2027-01-16,0.5088300283322131
TICK-B1231,2027-01-16 00:00:00,Agent_26,Chat,Tech Support,592,106,3,Open,2027-01-16,0.5323692542192281
TICK-B1232,2027-01-16 00:00:00,Agent_25,Chat,Tech Support,579,103,3,Open,2027-01-16,0.5192729160613225
TICK-B1233,2027-01-10 00:00:00,Agent_15,Voice,Billing,374,62,2,Resolved,2027-01-10,0.31412712447086044
TICK-B1234,2027-01-25 00:00:00,Agent_40,Email,General,866,161,5,Dropped,2027-01-25,0.8060172907656306
TICK-B1235,2027-01-16 00:00:00,Agent_25,Chat,Tech Support,576,103,3,Open,2027-01-16,0.5166547373763675
TICK-B1236,2027-01-25 00:00:00,Agent_40,Email,General,875,163,5,Dropped,2027-01-25,0.8157330416262015
TICK-B1237,2027-01-17 00:00:00,Agent_27,Chat,Tech Support,609,109,3,Open,2027-01-17,0.5490215861078537
TICK-B1238,2027-01-08 00:00:00,Agent_12,Voice,Billing,308,49,2,Resolved,2027-01-08,0.24848614148409742
TICK-B1239,2027-01-30 00:00:00,Agent_49,Email,General,1058,199,5,Dropped,2027-01-30,0.998389262228472
TICK-B1240,2027-01-13 00:00:00,Agent_20,Chat,Tech Support,475,83,3,Open,2027-01-13,0.415350120107395
TICK-B1241,2027-01-02 00:00:00,Agent_2,Voice,Billing,110,10,1,Resolved,2027-01-02,0.05065408742478694
TICK-B1242,2027-01-23 00:00:00,Agent_37,Email,General,800,148,4,Dropped,2027-01-23,0.7408259905188587
TICK-B1243,2027-01-27 00:00:00,Agent_43,Email,General,936,175,5,Dropped,2027-01-27,0.8765409428217115
TICK-B1244,2027-01-08 00:00:00,Agent_12,Voice,Billing,311,50,2,Resolved,2027-01-08,0.2511142011750349
TICK-B1245,2027-01-26 00:00:00,Agent_43,Email,General,925,173,5,Dropped,2027-01-26,0.8650076395905008
TICK-B1246,2027-01-14 00:00:00,Agent_22,Chat,Tech Support,510,90,3,Open,2027-01-14,0.45020744116464073
TICK-B1247,2027-01-09 00:00:00,Agent_13,Voice,Billing,338,55,2,Resolved,2027-01-09,0.2785092320647099
TICK-B1248,2027-01-13 00:00:00,Agent_20,Chat,Tech Support,476,83,3,Open,2027-01-13,0.416535250351063
TICK-B1249,2027-01-27 00:00:00,Agent_43,Email,General,936,175,5,Dropped,2027-01-27,0.8760918414599144
TICK-B1250,2027-01-13 00:00:00,Agent_21,Chat,Tech Support,490,86,3,Open,2027-01-13,0.4303874919847639
TICK-B1251,2027-01-04 00:00:00,Agent_5,Voice,Billing,174,22,1,Resolved,2027-01-04,0.11429194094074224
TICK-B1252,2027-01-21 00:00:00,Agent_33,Email,General,732,134,4,Dropped,2027-01-21,0.6725635806126359
TICK-B1253,2027-01-06 00:00:00,Agent_9,Voice,Billing,249,37,1,Resolved,2027-01-06,0.18917845591637183
TICK-B1254,2027-01-07 00:00:00,Agent_11,Voice,Billing,291,46,2,Resolved,2027-01-07,0.23185232148048385
TICK-B1255,2027-01-16 00:00:00,Agent_26,Chat,Tech Support,592,106,3,Open,2027-01-16,0.5329158763780566
TICK-B1256,2027-01-30 00:00:00,Agent_49,Email,General,1040,196,5,Dropped,2027-01-30,0.9803536115736136
TICK-B1257,2027-01-30 00:00:00,Agent_49,Email,General,1055,199,5,Dropped,2027-01-30,0.9956954215968387
TICK-B1258,2027-01-18 00:00:00,Agent_28,Chat,Tech Support,629,113,3,Open,2027-01-18,0.5697775723808325
TICK-B1259,2027-01-03 00:00:00,Agent_3,Voice,Billing,137,15,1,Resolved,2027-01-03,0.07775874115426351
TICK-B1260,2027-01-30 00:00:00,Agent_49,Email,General,1049,197,5,Dropped,2027-01-30,0.9893008284448163
TICK-B1261,2027-01-04 00:00:00,Agent_6,Voice,Billing,188,25,1,Resolved,2027-01-04,0.12801129520612553
TICK-B1262,2027-01-21 00:00:00,Agent_34,Email,General,753,138,4,Dropped,2027-01-21,0.6930597742666814
TICK-B1263,2027-01-13 00:00:00,Agent_20,Chat,Tech Support,476,83,3,Open,2027-01-13,0.416286153918732
TICK-B1264,2027-01-30 00:00:00,Agent_49,Email,General,1049,197,5,Dropped,2027-01-30,0.9894665713195218
TICK-B1265,2027-01-29 00:00:00,Agent_47,Email,General,1009,189,5,Dropped,2027-01-29,0.9493382844621943
TICK-B1266,2027-01-14 00:00:00,Agent_21,Chat,Tech Support,499,87,3,Open,2027-01-14,0.4391669543341715
TICK-B1267,2027-01-16 00:00:00,Agent_25,Chat,Tech Support,568,101,3,Open,2027-01-16,0.508118227057455
TICK-B1268,2027-01-14 00:00:00,Agent_22,Chat,Tech Support,503,88,3,Open,2027-01-14,0.4430789479077595
TICK-B1269,2027-01-17 00:00:00,Agent_26,Chat,Tech Support,597,107,3,Open,2027-01-17,0.5373838321736966
TICK-B1270,2027-01-23 00:00:00,Agent_37,Email,General,808,149,4,Dropped,2027-01-23,0.7489071044262714
TICK-B1271,2027-01-18 00:00:00,Agent_29,Chat,Tech Support,642,116,3,Open,2027-01-18,0.5824389174588726
TICK-B1272,2027-01-14 00:00:00,Agent_21,Chat,Tech Support,493,86,3,Open,2027-01-14,0.4334889723457519
TICK-B1273,2027-01-23 00:00:00,Agent_37,Email,General,817,151,4,Dropped,2027-01-23,0.7576611012746124
TICK-B1274,2027-01-11 00:00:00,Agent_17,Chat,Tech Support,410,70,2,Open,2027-01-11,0.35030313092727583
TICK-B1275,2027-01-11 00:00:00,Agent_17,Chat,Tech Support,407,69,2,Open,2027-01-11,0.3473735887299314
TICK-B1276,2027-01-16 00:00:00,Agent_25,Chat,Tech Support,570,102,3,Open,2027-01-16,0.510585773503819
TICK-B1277,2027-01-18 00:00:00,Agent_29,Chat,Tech Support,640,116,3,Open,2027-01-18,0.5806509637328857
TICK-B1278,2027-01-30 00:00:00,Agent_49,Email,General,1041,196,5,Dropped,2027-01-30,0.9818789680848466
TICK-B1279,2027-01-03 00:00:00,Agent_4,Voice,Billing,146,17,1,Resolved,2027-01-03,0.0869140574108398
TICK-B1280,2027-01-13 00:00:00,Agent_20,Chat,Tech Support,463,80,3,Open,2027-01-13,0.4033360934146346
TICK-B1281,2027-01-16 00:00:00,Agent_25,Chat,Tech Support,573,102,3,Open,2027-01-16,0.5134999021622496
TICK-B1282,2027-01-09 00:00:00,Agent_14,Voice,Billing,347,57,2,Resolved,2027-01-09,0.28763187645113764
TICK-B1283,2027-01-23 00:00:00,Agent_38,Email,General,825,153,4,Dropped,2027-01-23,0.7650532723802803
TICK-B1284,2027-01-08 00:00:00,Agent_11,Voice,Billing,294,46,2,Resolved,2027-01-08,0.23467492404448898
TICK-B1285,2027-01-25 00:00:00,Agent_40,Email,General,864,160,5,Dropped,2027-01-25,0.8048087003706338
TICK-B1286,2027-01-27 00:00:00,Agent_43,Email,General,929,173,5,Dropped,2027-01-27,0.8693418439249047
TICK-B1287,2027-01-09 00:00:00,Agent_14,Voice,Billing,348,57,2,Resolved,2027-01-09,0.28843866053198153
TICK-B1288,2027-01-02 00:00:00,Agent_3,Voice,Billing,120,12,1,Resolved,2027-01-02,0.06042164825214824
TICK-B1289,2027-01-16 00:00:00,Agent_25,Chat,Tech Support,560,100,3,Open,2027-01-16,0.5000600312655493
TICK-B1290,2027-01-08 00:00:00,Agent_12,Voice,Billing,307,49,2,Resolved,2027-01-08,0.24782351829895233
TICK-B1291,2027-01-26 00:00:00,Agent_41,Email,General,894,166,5,Dropped,2027-01-26,0.8340939936381337
TICK-B1292,2027-01-26 00:00:00,Agent_42,Email,General,916,171,5,Dropped,2027-01-26,0.8560157243048739
TICK-B1293,2027-01-14 00:00:00,Agent_21,Chat,Tech Support,498,87,3,Open,2027-01-14,0.4384206431685096
TICK-B1294,2027-01-06 00:00:00,Agent_9,Voice,Billing,243,36,1,Resolved,2027-01-06,0.18303959760555333
TICK-B1295,2027-01-16 00:00:00,Agent_25,Chat,Tech Support,560,100,3,Open,2027-01-16,0.5004546414461574
TICK-B1296,2027-01-14 00:00:00,Agent_22,Chat,Tech Support,509,89,3,Open,2027-01-14,0.4492483414001053
TICK-B1297,2027-01-16 00:00:00,Agent_25,Chat,Tech Support,564,100,3,Open,2027-01-16,0.5043242653330726
TICK-B1298,2027-01-10 00:00:00,Agent_15,Voice,Billing,379,63,2,Resolved,2027-01-10,0.31967830778442596
TICK-B1299,2027-01-24 00:00:00,Agent_39,Email,General,844,156,4,Dropped,2027-01-24,0.7847398554864687
TICK-B1300,2027-01-02 00:00:00,Agent_2,Voice,Billing,117,11,1,Resolved,2027-01-02,0.05769443156580922
TICK-B1301,2027-01-12 00:00:00,Agent_18,Chat,Tech Support,430,74,2,Open,2027-01-12,0.370204282789815
TICK-B1302,2027-01-06 00:00:00,Agent_9,Voice,Billing,258,39,1,Resolved,2027-01-06,0.19825334267729233
TICK-B1303,2027-01-16 00:00:00,Agent_25,Chat,Tech Support,578,103,3,Open,2027-01-16,0.5186972478921531
TICK-B1304,2027-01-11 00:00:00,Agent_17,Chat,Tech Support,408,69,2,Open,2027-01-11,0.34860773829642744
TICK-B1305,2027-01-16 00:00:00,Agent_25,Chat,Tech Support,572,102,3,Open,2027-01-16,0.512595072032243
TICK-B1306,2027-01-20 00:00:00,Agent_32,Chat,Tech Support,709,129,4,Open,2027-01-20,0.6499687168983448
TICK-B1307,2027-01-26 00:00:00,Agent_41,Email,General,899,167,5,Dropped,2027-01-26,0.8398625019250615
TICK-B1308,2027-01-17 00:00:00,Agent_27,Chat,Tech Support,618,111,3,Open,2027-01-17,0.558670542859904
TICK-B1309,2027-01-21 00:00:00,Agent_34,Email,General,753,138,4,Dropped,2027-01-21,0.6932842741691456
TICK-B1310,2027-01-04 00:00:00,Agent_5,Voice,Billing,162,20,1,Resolved,2027-01-04,0.10277388617140937
TICK-B1311,2027-01-18 00:00:00,Agent_28,Chat,Tech Support,627,113,3,Open,2027-01-18,0.5671202503416659
TICK-B1312,2027-01-30 00:00:00,Agent_49,Email,General,1059,199,5,Dropped,2027-01-30,0.9997888170762121
TICK-B1313,2027-01-04 00:00:00,Agent_5,Voice,Billing,172,22,1,Resolved,2027-01-04,0.11249784197433776
TICK-B1314,2027-01-27 00:00:00,Agent_44,Email,General,946,177,5,Dropped,2027-01-27,0.8868300193974921
TICK-B1315,2027-01-16 00:00:00,Agent_25,Chat,Tech Support,562,100,3,Open,2027-01-16,0.50219990354679
TICK-B1316,2027-01-25 00:00:00,Agent_40,Email,General,871,162,5,Dropped,2027-01-25,0.8115205909151572
TICK-B1317,2027-01-03 00:00:00,Agent_4,Voice,Billing,149,17,1,Resolved,2027-01-03,0.08905404664418193
TICK-B1318,2027-01-15 00:00:00,Agent_24,Chat,Tech Support,550,98,3,Open,2027-01-15,0.49069533649692365
TICK-B1319,2027-01-02 00:00:00,Agent_2,Voice,Billing,102,8,1,Resolved,2027-01-02,0.04202764648435753
TICK-B1320,2027-01-27 00:00:00,Agent_44,Email,General,948,177,5,Dropped,2027-01-27,0.8885835970298003
TICK-B1321,2027-01-29 00:00:00,Agent_47,Email,General,1018,191,5,Dropped,2027-01-29,0.9587543858277884
TICK-B1322,2027-01-15 00:00:00,Agent_23,Chat,Tech Support,538,95,3,Open,2027-01-15,0.4781525722819595
TICK-B1323,2027-01-16 00:00:00,Agent_26,Chat,Tech Support,591,106,3,Open,2027-01-16,0.5310603580548316
TICK-B1324,2027-01-19 00:00:00,Agent_30,Chat,Tech Support,668,121,4,Open,2027-01-19,0.608505676766386
TICK-B1325,2027-01-19 00:00:00,Agent_30,Chat,Tech Support,670,122,4,Open,2027-01-19,0.6101048181390558
TICK-B1326,2027-01-19 00:00:00,Agent_30,Chat,Tech Support,675,123,4,Open,2027-01-19,0.615290263055999
TICK-B1327,2027-01-05 00:00:00,Agent_6,Voice,Billing,199,27,1,Resolved,2027-01-05,0.13995485633026616
TICK-B1328,2027-01-20 00:00:00,Agent_32,Chat,Tech Support,717,131,4,Open,2027-01-20,0.6573211685737633
TICK-B1329,2027-01-20 00:00:00,Agent_33,Chat,Tech Support,720,132,4,Open,2027-01-20,0.6609182859129167
TICK-B1330,2027-01-30 00:00:00,Agent_48,Email,General,1033,194,5,Dropped,2027-01-30,0.9739587615839036
TICK-B1331,2027-01-04 00:00:00,Agent_5,Voice,Billing,174,22,1,Resolved,2027-01-04,0.11487020353032162
TICK-B1332,2027-01-25 00:00:00,Agent_41,Email,General,880,164,5,Dropped,2027-01-25,0.8207110820598692
TICK-B1333,2027-01-26 00:00:00,Agent_43,Email,General,922,172,5,Dropped,2027-01-26,0.8623042432464015
TICK-B1334,2027-01-15 00:00:00,Agent_24,Chat,Tech Support,540,96,3,Open,2027-01-15,0.48001071349955415
TICK-B1335,2027-01-04 00:00:00,Agent_5,Voice,Billing,175,23,1,Resolved,2027-01-04,0.11583433637572782
TICK-B1336,2027-01-01 00:00:00,Agent_0,Voice,Billing,65,1,1,Resolved,2027-01-01,0.005246756380135276
TICK-B1337,2027-01-06 00:00:00,Agent_9,Voice,Billing,247,37,1,Resolved,2027-01-06,0.18772750435127628
TICK-B1338,2027-01-07 00:00:00,Agent_11,Voice,Billing,291,46,2,Resolved,2027-01-07,0.23115597362157803
TICK-B1339,2027-01-23 00:00:00,Agent_37,Email,General,807,149,4,Dropped,2027-01-23,0.7474245829515406
TICK-B1340,2027-01-15 00:00:00,Agent_23,Chat,Tech Support,535,95,3,Open,2027-01-15,0.47505396335327676
TICK-B1341,2027-01-30 00:00:00,Agent_49,Email,General,1040,196,5,Dropped,2027-01-30,0.9807375661128462
TICK-B1342,2027-01-23 00:00:00,Agent_38,Email,General,822,152,4,Dropped,2027-01-23,0.7625004817722797
TICK-B1343,2027-01-09 00:00:00,Agent_14,Voice,Billing,350,58,2,Resolved,2027-01-09,0.29042917935334056
TICK-B1344,2027-01-01 00:00:00,Agent_0,Voice,Billing,71,2,1,Resolved,2027-01-01,0.011424372494838408
TICK-B1345,2027-01-24 00:00:00,Agent_39,Email,General,842,156,4,Dropped,2027-01-24,0.7828464410601785
TICK-B1346,2027-01-29 00:00:00,Agent_47,Email,General,1015,191,5,Dropped,2027-01-29,0.9554744900145444
TICK-B1347,2027-01-05 00:00:00,Agent_7,Voice,Billing,212,30,1,Resolved,2027-01-05,0.15236372496491335
TICK-B1348,2027-01-23 00:00:00,Agent_37,Email,General,815,151,4,Dropped,2027-01-23,0.7558921585837589
TICK-B1349,2027-01-24 00:00:00,Agent_39,Email,General,850,158,4,Dropped,2027-01-24,0.7905932371038135
TICK-B1350,2027-01-24 00:00:00,Agent_39,Email,General,844,156,4,Dropped,2027-01-24,0.7846414505407832
TICK-B1351,2027-01-19 00:00:00,Agent_30,Chat,Tech Support,661,120,4,Open,2027-01-19,0.6018682632146073
TICK-B1352,2027-01-24 00:00:00,Agent_38,Email,General,827,153,4,Dropped,2027-01-24,0.7671008645544298
TICK-B1353,2027-01-19 00:00:00,Agent_31,Chat,Tech Support,684,124,4,Open,2027-01-19,0.6249852279166309
TICK-B1354,2027-01-16 00:00:00,Agent_26,Chat,Tech Support,586,105,3,Open,2027-01-16,0.5261004013867532
TICK-B1355,2027-01-22 00:00:00,Agent_35,Email,General,771,142,4,Dropped,2027-01-22,0.7113688293698842
TICK-B1356,2027-01-11 00:00:00,Agent_17,Chat,Tech Support,418,71,2,Open,2027-01-11,0.3588229977109817
TICK-B1357,2027-01-24 00:00:00,Agent_38,Email,General,827,153,4,Dropped,2027-01-24,0.7676901117185528
TICK-B1358,2027-01-24 00:00:00,Agent_39,Email,General,853,158,4,Dropped,2027-01-24,0.7934167864396897
TICK-B1359,2027-01-08 00:00:00,Agent_11,Voice,Billing,298,47,2,Resolved,2027-01-08,0.2380927127686282
TICK-B1360,2027-01-04 00:00:00,Agent_5,Voice,Billing,175,23,1,Resolved,2027-01-04,0.11537457503914061
TICK-B1361,2027-01-10 00:00:00,Agent_15,Voice,Billing,371,62,2,Resolved,2027-01-10,0.31191089132159644
TICK-B1362,2027-01-25 00:00:00,Agent_41,Email,General,882,164,5,Dropped,2027-01-25,0.8228052397582781
TICK-B1363,2027-01-21 00:00:00,Agent_34,Email,General,744,136,4,Dropped,2027-01-21,0.684422910156629
TICK-B1364,2027-01-26 00:00:00,Agent_42,Email,General,901,168,5,Dropped,2027-01-26,0.8410776791331693
TICK-B1365,2027-01-30 00:00:00,Agent_48,Email,General,1027,193,5,Dropped,2027-01-30,0.9673341392685397
TICK-B1366,2027-01-26 00:00:00,Agent_43,Email,General,920,172,5,Dropped,2027-01-26,0.8609562097151712
TICK-B1367,2027-01-21 00:00:00,Agent_33,Email,General,732,134,4,Dropped,2027-01-21,0.6729488169899202
TICK-B1368,2027-01-13 00:00:00,Agent_20,Chat,Tech Support,475,83,3,Open,2027-01-13,0.41536688876491235
TICK-B1369,2027-01-18 00:00:00,Agent_28,Chat,Tech Support,633,114,3,Open,2027-01-18,0.5733527049130114
TICK-B1370,2027-01-30 00:00:00,Agent_49,Email,General,1059,199,5,Dropped,2027-01-30,0.9996007604992546
TICK-B1371,2027-01-27 00:00:00,Agent_44,Email,General,959,179,5,Dropped,2027-01-27,0.8991275976471491
TICK-B1372,2027-01-03 00:00:00,Agent_4,Voice,Billing,141,16,1,Resolved,2027-01-03,0.08148350233486468
TICK-B1373,2027-01-19 00:00:00,Agent_31,Chat,Tech Support,691,126,4,Open,2027-01-19,0.6310885441489509
TICK-B1374,2027-01-20 00:00:00,Agent_31,Chat,Tech Support,699,127,4,Open,2027-01-20,0.6395588703498452
TICK-B1375,2027-01-24 00:00:00,Agent_39,Email,General,847,157,4,Dropped,2027-01-24,0.7870085958479379
TICK-B1376,2027-01-14 00:00:00,Agent_21,Chat,Tech Support,497,87,3,Open,2027-01-14,0.43767250349281295
TICK-B1377,2027-01-17 00:00:00,Agent_27,Chat,Tech Support,618,111,3,Open,2027-01-17,0.5589747937579983
TICK-B1378,2027-01-24 00:00:00,Agent_39,Email,General,846,157,4,Dropped,2027-01-24,0.786248362847712
TICK-B1379,2027-01-28 00:00:00,Agent_45,Email,General,967,181,5,Dropped,2027-01-28,0.9078273984018699
TICK-B1380,2027-01-22 00:00:00,Agent_36,Email,General,787,145,4,Dropped,2027-01-22,0.7273155925592703
TICK-B1381,2027-01-04 00:00:00,Agent_5,Voice,Billing,179,23,1,Resolved,2027-01-04,0.11958518784500083
TICK-B1382,2027-01-07 00:00:00,Agent_10,Voice,Billing,270,42,2,Resolved,2027-01-07,0.21085657603715025
TICK-B1383,2027-01-17 00:00:00,Agent_27,Chat,Tech Support,606,109,3,Open,2027-01-17,0.5464900341148136
TICK-B1384,2027-01-08 00:00:00,Agent_13,Voice,Billing,320,52,2,Resolved,2027-01-08,0.2609971921188189
TICK-B1385,2027-01-16 00:00:00,Agent_25,Chat,Tech Support,565,101,3,Open,2027-01-16,0.5051043994393573
TICK-B1386,2027-01-12 00:00:00,Agent_19,Chat,Tech Support,457,79,2,Open,2027-01-12,0.3974893912745989
TICK-B1387,2027-01-17 00:00:00,Agent_27,Chat,Tech Support,610,110,3,Open,2027-01-17,0.5501802849036854
TICK-B1388,2027-01-26 00:00:00,Agent_41,Email,General,895,167,5,Dropped,2027-01-26,0.8358078917463166
TICK-B1389,2027-01-29 00:00:00,Agent_47,Email,General,1013,190,5,Dropped,2027-01-29,0.9533482861549147
TICK-B1390,2027-01-12 00:00:00,Agent_19,Chat,Tech Support,448,77,2,Open,2027-01-12,0.3887032094889852
TICK-B1391,2027-01-24 00:00:00,Agent_39,Email,General,847,157,4,Dropped,2027-01-24,0.7879649050806079
TICK-B1392,2027-01-24 00:00:00,Agent_38,Email,General,834,154,4,Dropped,2027-01-24,0.7741550958069067
TICK-B1393,2027-01-17 00:00:00,Agent_27,Chat,Tech Support,603,108,3,Open,2027-01-17,0.5439027240487259
TICK-B1394,2027-01-28 00:00:00,Agent_45,Email,General,963,180,5,Dropped,2027-01-28,0.9039437795510704
TICK-B1395,2027-01-10 00:00:00,Agent_15,Voice,Billing,366,61,2,Resolved,2027-01-10,0.3061630720895555
TICK-B1396,2027-01-30 00:00:00,Agent_48,Email,General,1033,194,5,Dropped,2027-01-30,0.9733792159119505
TICK-B1397,2027-01-10 00:00:00,Agent_15,Voice,Billing,369,61,2,Resolved,2027-01-10,0.30945952765167206
TICK-B1398,2027-01-24 00:00:00,Agent_38,Email,General,827,153,4,Dropped,2027-01-24,0.7672487098451183
TICK-B1399,2027-01-20 00:00:00,Agent_32,Chat,Tech Support,713,130,4,Open,2027-01-20,0.6535770628249348
TICK-B1400,2027-01-08 00:00:00,Agent_12,Voice,Billing,319,51,2,Resolved,2027-01-08,0.25987003628823435
TICK-B1401,2027-01-16 00:00:00,Agent_26,Chat,Tech Support,580,104,3,Open,2027-01-16,0.5202669853511382
TICK-B1402,2027-01-18 00:00:00,Agent_29,Chat,Tech Support,646,117,3,Open,2027-01-18,0.5861176668806204
TICK-B1403,2027-01-03 00:00:00,Agent_3,Voice,Billing,134,14,1,Resolved,2027-01-03,0.07407715585177843
TICK-B1404,2027-01-29 00:00:00,Agent_47,Email,General,1001,188,5,Dropped,2027-01-29,0.9415811960034951
TICK-B1405,2027-01-19 00:00:00,Agent_31,Chat,Tech Support,684,124,4,Open,2027-01-19,0.6247809255599222
TICK-B1406,2027-01-28 00:00:00,Agent_45,Email,General,964,180,5,Dropped,2027-01-28,0.9046733873558043
TICK-B1407,2027-01-18 00:00:00,Agent_28,Chat,Tech Support,632,114,3,Open,2027-01-18,0.5728512129004588
TICK-B1408,2027-01-01 00:00:00,Agent_0,Voice,Billing,65,1,1,Resolved,2027-01-01,0.005096866041283898
TICK-B1409,2027-01-05 00:00:00,Agent_6,Voice,Billing,194,26,1,Resolved,2027-01-05,0.13415308261632852
TICK-B1410,2027-01-25 00:00:00,Agent_40,Email,General,863,160,5,Dropped,2027-01-25,0.8035864291581464
TICK-B1411,2027-01-01 00:00:00,Agent_0,Voice,Billing,65,1,1,Resolved,2027-01-01,0.005900639857897905
TICK-B1412,2027-01-01 00:00:00,Agent_0,Voice,Billing,68,1,1,Resolved,2027-01-01,0.008078330633270014
TICK-B1413,2027-01-26 00:00:00,Agent_41,Email,General,894,166,5,Dropped,2027-01-26,0.8343174284197205
TICK-B1414,2027-01-13 00:00:00,Agent_20,Chat,Tech Support,471,82,3,Open,2027-01-13,0.4116791089139856
TICK-B1415,2027-01-02 00:00:00,Agent_1,Voice,Billing,94,6,1,Resolved,2027-01-02,0.034521443251932626
TICK-B1416,2027-01-23 00:00:00,Agent_38,Email,General,820,152,4,Dropped,2027-01-23,0.7608482420938181
TICK-B1417,2027-01-14 00:00:00,Agent_22,Chat,Tech Support,513,90,3,Open,2027-01-14,0.45334228897221385
TICK-B1418,2027-01-28 00:00:00,Agent_45,Email,General,960,180,5,Dropped,2027-01-28,0.9005378575554317
TICK-B1419,2027-01-14 00:00:00,Agent_21,Chat,Tech Support,498,87,3,Open,2027-01-14,0.43892531958466907
TICK-B1420,2027-01-23 00:00:00,Agent_37,Email,General,805,149,4,Dropped,2027-01-23,0.7455299200887038
TICK-B1421,2027-01-10 00:00:00,Agent_15,Voice,Billing,371,62,2,Resolved,2027-01-10,0.3110085491503479
TICK-B1422,2027-01-15 00:00:00,Agent_23,Chat,Tech Support,529,93,3,Open,2027-01-15,0.4697628827079049
TICK-B1423,2027-01-28 00:00:00,Agent_45,Email,General,962,180,5,Dropped,2027-01-28,0.9026538337048456
TICK-B1424,2027-01-23 00:00:00,Agent_38,Email,General,820,152,4,Dropped,2027-01-23,0.7605360764266147
TICK-B1425,2027-01-23 00:00:00,Agent_37,Email,General,818,151,4,Dropped,2027-01-23,0.7586040832046267
TICK-B1426,2027-01-09 00:00:00,Agent_14,Voice,Billing,343,56,2,Resolved,2027-01-09,0.2836504183955424
TICK-B1427,2027-01-04 00:00:00,Agent_6,Voice,Billing,180,24,1,Resolved,2027-01-04,0.1201619219957043
TICK-B1428,2027-01-03 00:00:00,Agent_4,Voice,Billing,146,17,1,Resolved,2027-01-03,0.08603731758331534
TICK-B1429,2027-01-19 00:00:00,Agent_31,Chat,Tech Support,681,124,4,Open,2027-01-19,0.6210253796532251
TICK-B1430,2027-01-03 00:00:00,Agent_4,Voice,Billing,146,17,1,Resolved,2027-01-03,0.08651195676643764
TICK-B1431,2027-01-02 00:00:00,Agent_2,Voice,Billing,110,10,1,Resolved,2027-01-02,0.05083340793033464
TICK-B1432,2027-01-24 00:00:00,Agent_39,Email,General,857,159,4,Dropped,2027-01-24,0.7974133576488865
TICK-B1433,2027-01-08 00:00:00,Agent_13,Voice,Billing,326,53,2,Resolved,2027-01-08,0.2662233758310367
TICK-B1434,2027-01-17 00:00:00,Agent_27,Chat,Tech Support,605,109,3,Open,2027-01-17,0.545223560245923
TICK-B1435,2027-01-19 00:00:00,Agent_30,Chat,Tech Support,663,120,4,Open,2027-01-19,0.6035159784032001
TICK-B1436,2027-01-21 00:00:00,Agent_33,Email,General,732,134,4,Dropped,2027-01-21,0.6722988095246551
TICK-B1437,2027-01-20 00:00:00,Agent_33,Chat,Tech Support,726,133,4,Open,2027-01-20,0.666359328438149
TICK-B1438,2027-01-10 00:00:00,Agent_16,Voice,Billing,390,66,2,Resolved,2027-01-10,0.33011932613331674
TICK-B1439,2027-01-01 00:00:00,Agent_1,Voice,Billing,84,4,1,Resolved,2027-01-01,0.024003413381539107
TICK-B1440,2027-01-06 00:00:00,Agent_9,Voice,Billing,255,39,1,Resolved,2027-01-06,0.19537342493743248
TICK-B1441,2027-01-16 00:00:00,Agent_25,Chat,Tech Support,562,100,3,Open,2027-01-16,0.5021377499206593
TICK-B1442,2027-01-15 00:00:00,Agent_24,Chat,Tech Support,558,99,3,Open,2027-01-15,0.49842852543316063
TICK-B1443,2027-01-09 00:00:00,Agent_14,Voice,Billing,354,58,2,Resolved,2027-01-09,0.2944838863358834
TICK-B1444,2027-01-17 00:00:00,Agent_28,Chat,Tech Support,622,112,3,Open,2027-01-17,0.5627772728002478
TICK-B1445,2027-01-15 00:00:00,Agent_24,Chat,Tech Support,545,97,3,Open,2027-01-15,0.48561542285452264
TICK-B1446,2027-01-19 00:00:00,Agent_31,Chat,Tech Support,685,125,4,Open,2027-01-19,0.6255866560251012
TICK-B1447,2027-01-07 00:00:00,Agent_11,Voice,Billing,285,45,2,Resolved,2027-01-07,0.22586495593420497
TICK-B1448,2027-01-20 00:00:00,Agent_33,Chat,Tech Support,723,132,4,Open,2027-01-20,0.6635986671216627
TICK-B1449,2027-01-03 00:00:00,Agent_3,Voice,Billing,135,15,1,Resolved,2027-01-03,0.07568193631650011
TICK-B1450,2027-01-06 00:00:00,Agent_8,Voice,Billing,237,35,1,Resolved,2027-01-06,0.17735541466651317
TICK-B1451,2027-01-18 00:00:00,Agent_28,Chat,Tech Support,628,113,3,Open,2027-01-18,0.568079573438436
TICK-B1452,2027-01-15 00:00:00,Agent_24,Chat,Tech Support,546,97,3,Open,2027-01-15,0.48682235902732374
TICK-B1453,2027-01-11 00:00:00,Agent_17,Chat,Tech Support,414,70,2,Open,2027-01-11,0.3540891066282317
TICK-B1454,2027-01-26 00:00:00,Agent_42,Email,General,912,170,5,Dropped,2027-01-26,0.8524924940426793
TICK-B1455,2027-01-02 00:00:00,Agent_1,Voice,Billing,97,7,1,Resolved,2027-01-02,0.037157816246929265
TICK-B1456,2027-01-05 00:00:00,Agent_6,Voice,Billing,195,27,1,Resolved,2027-01-05,0.13552976655365245
TICK-B1457,2027-01-02 00:00:00,Agent_2,Voice,Billing,111,10,1,Resolved,2027-01-02,0.05149385966802822
TICK-B1458,2027-01-14 00:00:00,Agent_21,Chat,Tech Support,493,86,3,Open,2027-01-14,0.4333500083210725
TICK-B1459,2027-01-06 00:00:00,Agent_9,Voice,Billing,256,39,1,Resolved,2027-01-06,0.19693450766606457
TICK-B1460,2027-01-16 00:00:00,Agent_25,Chat,Tech Support,576,103,3,Open,2027-01-16,0.5163266771412707
TICK-B1461,2027-01-20 00:00:00,Agent_32,Chat,Tech Support,710,130,4,Open,2027-01-20,0.6506258163569264
TICK-B1462,2027-01-10 00:00:00,Agent_15,Voice,Billing,379,63,2,Resolved,2027-01-10,0.3195135066352782
TICK-B1463,2027-01-29 00:00:00,Agent_47,Email,General,1001,188,5,Dropped,2027-01-29,0.9411680752282201
TICK-B1464,2027-01-15 00:00:00,Agent_24,Chat,Tech Support,555,99,3,Open,2027-01-15,0.4951321900216763
TICK-B1465,2027-01-20 00:00:00,Agent_32,Chat,Tech Support,716,131,4,Open,2027-01-20,0.656428117162605
TICK-B1466,2027-01-26 00:00:00,Agent_41,Email,General,895,167,5,Dropped,2027-01-26,0.8353423819827615
TICK-B1467,2027-01-03 00:00:00,Agent_4,Voice,Billing,143,16,1,Resolved,2027-01-03,0.08389414291850972
TICK-B1468,2027-01-22 00:00:00,Agent_35,Email,General,771,142,4,Dropped,2027-01-22,0.711569657795867
TICK-B1469,2027-01-23 00:00:00,Agent_37,Email,General,806,149,4,Dropped,2027-01-23,0.7464247969315938
TICK-B1470,2027-01-15 00:00:00,Agent_24,Chat,Tech Support,552,98,3,Open,2027-01-15,0.4920891890400899
TICK-B1471,2027-01-11 00:00:00,Agent_17,Chat,Tech Support,419,71,2,Open,2027-01-11,0.35925285686056185
TICK-B1472,2027-01-17 00:00:00,Agent_27,Chat,Tech Support,609,109,3,Open,2027-01-17,0.5498004488617892
TICK-B1473,2027-01-24 00:00:00,Agent_38,Email,General,838,155,4,Dropped,2027-01-24,0.7785245778786887
TICK-B1474,2027-01-27 00:00:00,Agent_44,Email,General,944,176,5,Dropped,2027-01-27,0.8845885632057036
TICK-B1475,2027-01-24 00:00:00,Agent_39,Email,General,849,157,4,Dropped,2027-01-24,0.7896651074292459
TICK-B1476,2027-01-26 00:00:00,Agent_42,Email,General,906,169,5,Dropped,2027-01-26,0.8462737695926568
TICK-B1477,2027-01-24 00:00:00,Agent_38,Email,General,833,154,4,Dropped,2027-01-24,0.7736406980257079
TICK-B1478,2027-01-09 00:00:00,Agent_13,Voice,Billing,328,53,2,Resolved,2027-01-09,0.2681665905473013
TICK-B1479,2027-01-19 00:00:00,Agent_30,Chat,Tech Support,670,122,4,Open,2027-01-19,0.6105493328530445
TICK-B1480,2027-01-10 00:00:00,Agent_15,Voice,Billing,366,61,2,Resolved,2027-01-10,0.3067871694487161
TICK-B1481,2027-01-11 00:00:00,Agent_16,Chat,Tech Support,396,67,2,Open,2027-01-11,0.3364151113061844
TICK-B1482,2027-01-08 00:00:00,Agent_12,Voice,Billing,317,51,2,Resolved,2027-01-08,0.25777962340008653
TICK-B1483,2027-01-03 00:00:00,Agent_3,Voice,Billing,130,14,1,Resolved,2027-01-03,0.07092655398997094
TICK-B1484,2027-01-25 00:00:00,Agent_41,Email,General,882,164,5,Dropped,2027-01-25,0.8226044887186135
TICK-B1485,2027-01-24 00:00:00,Agent_38,Email,General,832,154,4,Dropped,2027-01-24,0.7726444734451213
TICK-B1486,2027-01-16 00:00:00,Agent_26,Chat,Tech Support,582,104,3,Open,2027-01-16,0.522671153413932
TICK-B1487,2027-01-06 00:00:00,Agent_8,Voice,Billing,226,33,1,Resolved,2027-01-06,0.16694756357200624
TICK-B1488,2027-01-20 00:00:00,Agent_32,Chat,Tech Support,711,130,4,Open,2027-01-20,0.6514848718712262
TICK-B1489,2027-01-05 00:00:00,Agent_8,Voice,Billing,223,32,1,Resolved,2027-01-05,0.16359965436489787
TICK-B1490,2027-01-15 00:00:00,Agent_24,Chat,Tech Support,556,99,3,Open,2027-01-15,0.49656662368814164
TICK-B1491,2027-01-18 00:00:00,Agent_28,Chat,Tech Support,629,113,3,Open,2027-01-18,0.5697245132897251
TICK-B1492,2027-01-29 00:00:00,Agent_46,Email,General,998,187,5,Dropped,2027-01-29,0.9385065805762318
TICK-B1493,2027-01-23 00:00:00,Agent_37,Email,General,803,148,4,Dropped,2027-01-23,0.743788237300317
TICK-B1494,2027-01-24 00:00:00,Agent_39,Email,General,851,158,4,Dropped,2027-01-24,0.7918511158460371
TICK-B1495,2027-01-20 00:00:00,Agent_32,Chat,Tech Support,702,128,4,Open,2027-01-20,0.6420105950607345
TICK-B1496,2027-01-21 00:00:00,Agent_34,Email,General,754,138,4,Dropped,2027-01-21,0.6943936915193415
TICK-B1497,2027-01-23 00:00:00,Agent_38,Email,General,824,152,4,Dropped,2027-01-23,0.7645640889747617
TICK-B1498,2027-01-06 00:00:00,Agent_9,Voice,Billing,240,36,1,Resolved,2027-01-06,0.18045981126277055
TICK-B1499,2027-01-13 00:00:00,Agent_20,Chat,Tech Support,473,82,3,Open,2027-01-13,0.41308525910418303
TICK-B1500,2027-01-08 00:00:00,Agent_13,Voice,Billing,325,53,2,Resolved,2027-01-08,0.26582613323620485
TICK-B1501,2027-01-03 00:00:00,Agent_3,Voice,Billing,127,13,1,Resolved,2027-01-03,0.0672110382719836
TICK-B1502,2027-01-10 00:00:00,Agent_16,Voice,Billing,381,64,2,Resolved,2027-01-10,0.32115625139370885
TICK-B1503,2027-01-26 00:00:00,Agent_42,Email,General,911,170,5,Dropped,2027-01-26,0.8518721200399615
TICK-B1504,2027-01-09 00:00:00,Agent_13,Voice,Billing,334,54,2,Resolved,2027-01-09,0.27442673930761774
TICK-B1505,2027-01-07 00:00:00,Agent_11,Voice,Billing,284,44,2,Resolved,2027-01-07,0.22493572484728386
TICK-B1506,2027-01-10 00:00:00,Agent_15,Voice,Billing,360,60,2,Resolved,2027-01-10,0.3003243311043745
TICK-B1507,2027-01-12 00:00:00,Agent_18,Chat,Tech Support,431,74,2,Open,2027-01-12,0.37111245575507934
TICK-B1508,2027-01-29 00:00:00,Agent_47,Email,General,1018,191,5,Dropped,2027-01-29,0.9587918210165467
TICK-B1509,2027-01-06 00:00:00,Agent_9,Voice,Billing,245,37,1,Resolved,2027-01-06,0.18531096414760118
TICK-B1510,2027-01-30 00:00:00,Agent_48,Email,General,1035,195,5,Dropped,2027-01-30,0.975918475072708
TICK-B1511,2027-01-09 00:00:00,Agent_13,Voice,Billing,333,54,2,Resolved,2027-01-09,0.2736307858864524
TICK-B1512,2027-01-30 00:00:00,Agent_49,Email,General,1049,197,5,Dropped,2027-01-30,0.989238821488036
TICK-B1513,2027-01-08 00:00:00,Agent_12,Voice,Billing,301,48,2,Resolved,2027-01-08,0.24144752112832946
TICK-B1514,2027-01-16 00:00:00,Agent_26,Chat,Tech Support,582,104,3,Open,2027-01-16,0.5226674263704424
TICK-B1515,2027-01-28 00:00:00,Agent_45,Email,General,969,181,5,Dropped,2027-01-28,0.9093313093134909
TICK-B1516,2027-01-09 00:00:00,Agent_14,Voice,Billing,353,58,2,Resolved,2027-01-09,0.29336927042798433
TICK-B1517,2027-01-06 00:00:00,Agent_8,Voice,Billing,234,34,1,Resolved,2027-01-06,0.17447229984714008
TICK-B1518,2027-01-28 00:00:00,Agent_45,Email,General,967,181,5,Dropped,2027-01-28,0.9077157382381942
TICK-B1519,2027-01-06 00:00:00,Agent_9,Voice,Billing,253,38,1,Resolved,2027-01-06,0.1936722005822027
TICK-B1520,2027-01-15 00:00:00,Agent_24,Chat,Tech Support,555,99,3,Open,2027-01-15,0.49513913321863035
TICK-B1521,2027-01-09 00:00:00,Agent_14,Voice,Billing,356,59,2,Resolved,2027-01-09,0.29686262657770524
TICK-B1522,2027-01-23 00:00:00,Agent_37,Email,General,809,149,4,Dropped,2027-01-23,0.7495631940284216
TICK-B1523,2027-01-10 00:00:00,Agent_15,Voice,Billing,375,63,2,Resolved,2027-01-10,0.31588788739410245
TICK-B1524,2027-01-20 00:00:00,Agent_32,Chat,Tech Support,717,131,4,Open,2027-01-20,0.6577186603587278
TICK-B1525,2027-01-02 00:00:00,Agent_3,Voice,Billing,124,12,1,Resolved,2027-01-02,0.06422629262663493
TICK-B1526,2027-01-25 00:00:00,Agent_41,Email,General,892,166,5,Dropped,2027-01-25,0.832942686789891
TICK-B1527,2027-01-12 00:00:00,Agent_19,Chat,Tech Support,449,77,2,Open,2027-01-12,0.3896080967279518
TICK-B1528,2027-01-16 00:00:00,Agent_25,Chat,Tech Support,579,103,3,Open,2027-01-16,0.5198248667817604
TICK-B1529,2027-01-12 00:00:00,Agent_19,Chat,Tech Support,447,77,2,Open,2027-01-12,0.3872607529823937
TICK-B1530,2027-01-25 00:00:00,Agent_40,Email,General,864,160,5,Dropped,2027-01-25,0.8041583307976938
TICK-B1531,2027-01-29 00:00:00,Agent_46,Email,General,994,186,5,Dropped,2027-01-29,0.9348167396337163
TICK-B1532,2027-01-27 00:00:00,Agent_44,Email,General,946,177,5,Dropped,2027-01-27,0.8866732430507227
TICK-B1533,2027-01-03 00:00:00,Agent_4,Voice,Billing,153,18,1,Resolved,2027-01-03,0.09319264539825867
TICK-B1534,2027-01-28 00:00:00,Agent_46,Email,General,981,184,5,Dropped,2027-01-28,0.9216113967322063
TICK-B1535,2027-01-10 00:00:00,Agent_15,Voice,Billing,371,62,2,Resolved,2027-01-10,0.3113093613631255
TICK-B1536,2027-01-11 00:00:00,Agent_17,Chat,Tech Support,410,70,2,Open,2027-01-11,0.35093688234050235
TICK-B1537,2027-01-18 00:00:00,Agent_29,Chat,Tech Support,644,116,3,Open,2027-01-18,0.5841712227480332
TICK-B1538,2027-01-19 00:00:00,Agent_31,Chat,Tech Support,680,124,4,Open,2027-01-19,0.6207591182707819
TICK-B1539,2027-01-25 00:00:00,Agent_40,Email,General,863,160,5,Dropped,2027-01-25,0.8037941963662362
TICK-B1540,2027-01-25 00:00:00,Agent_41,Email,General,883,164,5,Dropped,2027-01-25,0.8231033021290606
TICK-B1541,2027-01-09 00:00:00,Agent_14,Voice,Billing,340,56,2,Resolved,2027-01-09,0.2806516016201128
TICK-B1542,2027-01-06 00:00:00,Agent_9,Voice,Billing,255,39,1,Resolved,2027-01-06,0.1956197722541796
TICK-B1543,2027-01-27 00:00:00,Agent_44,Email,General,942,176,5,Dropped,2027-01-27,0.8824791895146264
TICK-B1544,2027-01-22 00:00:00,Agent_35,Email,General,762,140,4,Dropped,2027-01-22,0.70236504801276
TICK-B1545,2027-01-26 00:00:00,Agent_43,Email,General,922,172,5,Dropped,2027-01-26,0.8626998295259221
TICK-B1546,2027-01-27 00:00:00,Agent_44,Email,General,959,179,5,Dropped,2027-01-27,0.8997335464269436
TICK-B1547,2027-01-19 00:00:00,Agent_30,Chat,Tech Support,671,122,4,Open,2027-01-19,0.6116854907411513
TICK-B1548,2027-01-19 00:00:00,Agent_30,Chat,Tech Support,675,123,4,Open,2027-01-19,0.6151712325378338
TICK-B1549,2027-01-27 00:00:00,Agent_44,Email,General,950,178,5,Dropped,2027-01-27,0.8908948995882651
TICK-B1550,2027-01-16 00:00:00,Agent_25,Chat,Tech Support,575,103,3,Open,2027-01-16,0.5154919840973655
TICK-B1551,2027-01-27 00:00:00,Agent_43,Email,General,938,175,5,Dropped,2027-01-27,0.8788855382690404
TICK-B1552,2027-01-23 00:00:00,Agent_36,Email,General,794,146,4,Dropped,2027-01-23,0.7340993659545245
TICK-B1553,2027-01-09 00:00:00,Agent_14,Voice,Billing,340,56,2,Resolved,2027-01-09,0.28027135709704565
TICK-B1554,2027-01-08 00:00:00,Agent_13,Voice,Billing,322,52,2,Resolved,2027-01-08,0.26245915345008297
TICK-B1555,2027-01-08 00:00:00,Agent_12,Voice,Billing,311,50,2,Resolved,2027-01-08,0.25160805102782546
TICK-B1556,2027-01-22 00:00:00,Agent_35,Email,General,774,142,4,Dropped,2027-01-22,0.7145543741816742
TICK-B1557,2027-01-18 00:00:00,Agent_29,Chat,Tech Support,655,119,3,Open,2027-01-18,0.5956726766906707
TICK-B1558,2027-01-08 00:00:00,Agent_12,Voice,Billing,307,49,2,Resolved,2027-01-08,0.24745445219248752
TICK-B1559,2027-01-12 00:00:00,Agent_19,Chat,Tech Support,450,78,2,Open,2027-01-12,0.3906626494122667
TICK-B1560,2027-01-18 00:00:00,Agent_29,Chat,Tech Support,640,116,3,Open,2027-01-18,0.5807639436980531
TICK-B1561,2027-01-23 00:00:00,Agent_38,Email,General,821,152,4,Dropped,2027-01-23,0.7615234727466058
TICK-B1562,2027-01-11 00:00:00,Agent_17,Chat,Tech Support,405,69,2,Open,2027-01-11,0.34528609585359515
TICK-B1563,2027-01-30 00:00:00,Agent_49,Email,General,1058,199,5,Dropped,2027-01-30,0.9980484677106495
TICK-B1564,2027-01-21 00:00:00,Agent_34,Email,General,752,138,4,Dropped,2027-01-21,0.6926997929347481
TICK-B1565,2027-01-28 00:00:00,Agent_45,Email,General,967,181,5,Dropped,2027-01-28,0.9078748559118264
TICK-B1566,2027-01-04 00:00:00,Agent_6,Voice,Billing,181,24,1,Resolved,2027-01-04,0.12123459169010942
TICK-B1567,2027-01-02 00:00:00,Agent_2,Voice,Billing,103,8,1,Resolved,2027-01-02,0.04325540219256807
TICK-B1568,2027-01-08 00:00:00,Agent_12,Voice,Billing,308,49,2,Resolved,2027-01-08,0.24828096329710403
TICK-B1569,2027-01-12 00:00:00,Agent_18,Chat,Tech Support,436,75,2,Open,2027-01-12,0.3765890049014544
TICK-B1570,2027-01-15 00:00:00,Agent_23,Chat,Tech Support,538,95,3,Open,2027-01-15,0.47890619641914767
TICK-B1571,2027-01-29 00:00:00,Agent_48,Email,General,1026,193,5,Dropped,2027-01-29,0.9660904715946156
TICK-B1572,2027-01-22 00:00:00,Agent_35,Email,General,764,140,4,Dropped,2027-01-22,0.7046710281734005
TICK-B1573,2027-01-11 00:00:00,Agent_17,Chat,Tech Support,402,68,2,Open,2027-01-11,0.342743146353208
TICK-B1574,2027-01-24 00:00:00,Agent_38,Email,General,835,155,4,Dropped,2027-01-24,0.7758391296102004
TICK-B1575,2027-01-04 00:00:00,Agent_5,Voice,Billing,176,23,1,Resolved,2027-01-04,0.11690567457997181
TICK-B1576,2027-01-16 00:00:00,Agent_26,Chat,Tech Support,582,104,3,Open,2027-01-16,0.5227126092353059
TICK-B1577,2027-01-10 00:00:00,Agent_15,Voice,Billing,371,62,2,Resolved,2027-01-10,0.3111377726181668
TICK-B1578,2027-01-16 00:00:00,Agent_25,Chat,Tech Support,571,102,3,Open,2027-01-16,0.5111002063256763
TICK-B1579,2027-01-11 00:00:00,Agent_18,Chat,Tech Support,420,72,2,Open,2027-01-11,0.36032597671712907
TICK-B1580,2027-01-04 00:00:00,Agent_5,Voice,Billing,177,23,1,Resolved,2027-01-04,0.11732026740858748
TICK-B1581,2027-01-10 00:00:00,Agent_16,Voice,Billing,391,66,2,Resolved,2027-01-10,0.3310912547809478
TICK-B1582,2027-01-13 00:00:00,Agent_20,Chat,Tech Support,468,81,3,Open,2027-01-13,0.40891211352233114
TICK-B1583,2027-01-13 00:00:00,Agent_20,Chat,Tech Support,477,83,3,Open,2027-01-13,0.41746143108906164
TICK-B1584,2027-01-03 00:00:00,Agent_3,Voice,Billing,128,13,1,Resolved,2027-01-03,0.06821931407664616
TICK-B1585,2027-01-24 00:00:00,Agent_39,Email,General,856,159,4,Dropped,2027-01-24,0.7962110682133009
TICK-B1586,2027-01-28 00:00:00,Agent_45,Email,General,979,183,5,Dropped,2027-01-28,0.9196532816256312
TICK-B1587,2027-01-28 00:00:00,Agent_45,Email,General,964,180,5,Dropped,2027-01-28,0.9046011422129768
TICK-B1588,2027-01-06 00:00:00,Agent_9,Voice,Billing,244,36,1,Resolved,2027-01-06,0.18420997548632978
TICK-B1589,2027-01-14 00:00:00,Agent_21,Chat,Tech Support,494,86,3,Open,2027-01-14,0.43401946799844127
TICK-B1590,2027-01-24 00:00:00,Agent_38,Email,General,833,154,4,Dropped,2027-01-24,0.7731932519424554
TICK-B1591,2027-01-12 00:00:00,Agent_18,Chat,Tech Support,433,74,2,Open,2027-01-12,0.3739428285625581
TICK-B1592,2027-01-28 00:00:00,Agent_46,Email,General,991,186,5,Dropped,2027-01-28,0.9317653357276143
TICK-B1593,2027-01-01 00:00:00,Agent_0,Voice,Billing,79,3,1,Resolved,2027-01-01,0.019853836376915734
TICK-B1594,2027-01-23 00:00:00,Agent_38,Email,General,821,152,4,Dropped,2027-01-23,0.7610158549847199
TICK-B1595,2027-01-14 00:00:00,Agent_21,Chat,Tech Support,497,87,3,Open,2027-01-14,0.43767421071982726
TICK-B1596,2027-01-28 00:00:00,Agent_45,Email,General,972,182,5,Dropped,2027-01-28,0.9127739714938257
TICK-B1597,2027-01-02 00:00:00,Agent_2,Voice,Billing,118,11,1,Resolved,2027-01-02,0.05858391573916488
TICK-B1598,2027-01-02 00:00:00,Agent_2,Voice,Billing,110,10,1,Resolved,2027-01-02,0.05054411661491165
TICK-B1599,2027-01-17 00:00:00,Agent_27,Chat,Tech Support,611,110,3,Open,2027-01-17,0.5515682745836786
TICK-B1600,2027-01-14 00:00:00,Agent_21,Chat,Tech Support,494,86,3,Open,2027-01-14,0.43427327068681887
TICK-B1601,2027-01-25 00:00:00,Agent_40,Email,General,864,160,5,Dropped,2027-01-25,0.8043867459134223
TICK-B1602,2027-01-21 00:00:00,Agent_34,Email,General,747,137,4,Dropped,2027-01-21,0.6872180027880352
TICK-B1603,2027-01-10 00:00:00,Agent_15,Voice,Billing,372,62,2,Resolved,2027-01-10,0.31233198280000296
TICK-B1604,2027-01-20 00:00:00,Agent_32,Chat,Tech Support,700,128,4,Open,2027-01-20,0.6409098692504509
TICK-B1605,2027-01-06 00:00:00,Agent_8,Voice,Billing,228,33,1,Resolved,2027-01-06,0.1687607488932289
TICK-B1606,2027-01-29 00:00:00,Agent_47,Email,General,1011,190,5,Dropped,2027-01-29,0.9512930132012295
TICK-B1607,2027-01-09 00:00:00,Agent_13,Voice,Billing,330,54,2,Resolved,2027-01-09,0.2709504614704299
TICK-B1608,2027-01-21 00:00:00,Agent_34,Email,General,757,139,4,Dropped,2027-01-21,0.6973825366208559
TICK-B1609,2027-01-13 00:00:00,Agent_21,Chat,Tech Support,486,85,3,Open,2027-01-13,0.42614314604266323
TICK-B1610,2027-01-12 00:00:00,Agent_18,Chat,Tech Support,438,75,2,Open,2027-01-12,0.37896819987519503
TICK-B1611,2027-01-24 00:00:00,Agent_38,Email,General,836,155,4,Dropped,2027-01-24,0.7767490508495525
TICK-B1612,2027-01-09 00:00:00,Agent_14,Voice,Billing,358,59,2,Resolved,2027-01-09,0.29897914347679455
TICK-B1613,2027-01-03 00:00:00,Agent_3,Voice,Billing,132,14,1,Resolved,2027-01-03,0.07250690729598785
TICK-B1614,2027-01-26 00:00:00,Agent_43,Email,General,922,172,5,Dropped,2027-01-26,0.8620848261784259
TICK-B1615,2027-01-01 00:00:00,Agent_0,Voice,Billing,74,2,1,Resolved,2027-01-01,0.014063225123825296
TICK-B1616,2027-01-20 00:00:00,Agent_32,Chat,Tech Support,704,128,4,Open,2027-01-20,0.6442250361212036
TICK-B1617,2027-01-04 00:00:00,Agent_6,Voice,Billing,183,24,1,Resolved,2027-01-04,0.12337096111063683
TICK-B1618,2027-01-08 00:00:00,Agent_11,Voice,Billing,294,46,2,Resolved,2027-01-08,0.23459395344999223
TICK-B1619,2027-01-14 00:00:00,Agent_22,Chat,Tech Support,509,89,3,Open,2027-01-14,0.4498491271864338
TICK-B1620,2027-01-12 00:00:00,Agent_19,Chat,Tech Support,457,79,2,Open,2027-01-12,0.3975128923544887
TICK-B1621,2027-01-04 00:00:00,Agent_6,Voice,Billing,193,26,1,Resolved,2027-01-04,0.13331864127858528
TICK-B1622,2027-01-16 00:00:00,Agent_25,Chat,Tech Support,562,100,3,Open,2027-01-16,0.5022947377936066
TICK-B1623,2027-01-24 00:00:00,Agent_39,Email,General,843,156,4,Dropped,2027-01-24,0.7830087412877429
TICK-B1624,2027-01-30 00:00:00,Agent_48,Email,General,1032,194,5,Dropped,2027-01-30,0.972900536589956
TICK-B1625,2027-01-28 00:00:00,Agent_46,Email,General,985,185,5,Dropped,2027-01-28,0.925444188938084
TICK-B1626,2027-01-19 00:00:00,Agent_30,Chat,Tech Support,673,122,4,Open,2027-01-19,0.6139335766412418
TICK-B1627,2027-01-23 00:00:00,Agent_36,Email,General,798,147,4,Dropped,2027-01-23,0.7389959267387579
TICK-B1628,2027-01-11 00:00:00,Agent_17,Chat,Tech Support,401,68,2,Open,2027-01-11,0.34173284046187813
TICK-B1629,2027-01-05 00:00:00,Agent_8,Voice,Billing,223,32,1,Resolved,2027-01-05,0.16321266644754873
TICK-B1630,2027-01-15 00:00:00,Agent_24,Chat,Tech Support,545,97,3,Open,2027-01-15,0.4852611184700445
TICK-B1631,2027-01-27 00:00:00,Agent_43,Email,General,932,174,5,Dropped,2027-01-27,0.8724403291410959
TICK-B1632,2027-01-22 00:00:00,Agent_35,Email,General,778,143,4,Dropped,2027-01-22,0.7184815440197724
TICK-B1633,2027-01-14 00:00:00,Agent_22,Chat,Tech Support,515,91,3,Open,2027-01-14,0.45585976419778684
TICK-B1634,2027-01-03 00:00:00,Agent_3,Voice,Billing,137,15,1,Resolved,2027-01-03,0.07764343068407942
TICK-B1635,2027-01-04 00:00:00,Agent_5,Voice,Billing,163,20,1,Resolved,2027-01-04,0.10346250616929409
TICK-B1636,2027-01-06 00:00:00,Agent_9,Voice,Billing,244,36,1,Resolved,2027-01-06,0.18497949969537109
TICK-B1637,2027-01-03 00:00:00,Agent_3,Voice,Billing,133,14,1,Resolved,2027-01-03,0.07349376723211654
TICK-B1638,2027-01-08 00:00:00,Agent_11,Voice,Billing,295,47,2,Resolved,2027-01-08,0.23596559436951492
TICK-B1639,2027-01-10 00:00:00,Agent_15,Voice,Billing,376,63,2,Resolved,2027-01-10,0.31603980537024223
TICK-B1640,2027-01-01 00:00:00,Agent_0,Voice,Billing,78,3,1,Resolved,2027-01-01,0.018095097337388122
TICK-B1641,2027-01-19 00:00:00,Agent_30,Chat,Tech Support,678,123,4,Open,2027-01-19,0.6188555272801055
TICK-B1642,2027-01-27 00:00:00,Agent_43,Email,General,928,173,5,Dropped,2027-01-27,0.8689572467474335
TICK-B1643,2027-01-23 00:00:00,Agent_38,Email,General,824,152,4,Dropped,2027-01-23,0.7648612990809687
TICK-B1644,2027-01-06 00:00:00,Agent_9,Voice,Billing,246,37,1,Resolved,2027-01-06,0.1863239862211974
TICK-B1645,2027-01-29 00:00:00,Agent_48,Email,General,1020,192,5,Dropped,2027-01-29,0.9608447080151752
TICK-B1646,2027-01-24 00:00:00,Agent_39,Email,General,850,158,4,Dropped,2027-01-24,0.7901402364919241
TICK-B1647,2027-01-23 00:00:00,Agent_36,Email,General,799,147,4,Dropped,2027-01-23,0.739493153848956
TICK-B1648,2027-01-26 00:00:00,Agent_43,Email,General,922,172,5,Dropped,2027-01-26,0.8620330903562066
TICK-B1649,2027-01-22 00:00:00,Agent_36,Email,General,793,146,4,Dropped,2027-01-22,0.7332838678182915
TICK-B1650,2027-01-20 00:00:00,Agent_32,Chat,Tech Support,708,129,4,Open,2027-01-20,0.6488425351076305
TICK-B1651,2027-01-08 00:00:00,Agent_12,Voice,Billing,314,50,2,Resolved,2027-01-08,0.25444574924549834
TICK-B1652,2027-01-25 00:00:00,Agent_41,Email,General,881,164,5,Dropped,2027-01-25,0.8218734884712503
TICK-B1653,2027-01-05 00:00:00,Agent_7,Voice,Billing,217,31,1,Resolved,2027-01-05,0.157695834010532
TICK-B1654,2027-01-01 00:00:00,Agent_1,Voice,Billing,87,5,1,Resolved,2027-01-01,0.027684109640774834
TICK-B1655,2027-01-18 00:00:00,Agent_29,Chat,Tech Support,656,119,3,Open,2027-01-18,0.5969576151737502
TICK-B1656,2027-01-12 00:00:00,Agent_19,Chat,Tech Support,440,76,2,Open,2027-01-12,0.3801764735706932
TICK-B1657,2027-01-23 00:00:00,Agent_38,Email,General,822,152,4,Dropped,2027-01-23,0.7627982936611185
TICK-B1658,2027-01-21 00:00:00,Agent_33,Email,General,731,134,4,Dropped,2027-01-21,0.6719933299972101
TICK-B1659,2027-01-14 00:00:00,Agent_22,Chat,Tech Support,507,89,3,Open,2027-01-14,0.4475095347848457
TICK-B1660,2027-01-03 00:00:00,Agent_3,Voice,Billing,137,15,1,Resolved,2027-01-03,0.07761781936547762
TICK-B1661,2027-01-09 00:00:00,Agent_13,Voice,Billing,333,54,2,Resolved,2027-01-09,0.2739072952298184
TICK-B1662,2027-01-30 00:00:00,Agent_48,Email,General,1032,194,5,Dropped,2027-01-30,0.9725680725383049
TICK-B1663,2027-01-21 00:00:00,Agent_33,Email,General,727,133,4,Dropped,2027-01-21,0.6676000968331711
TICK-B1664,2027-01-06 00:00:00,Agent_9,Voice,Billing,243,36,1,Resolved,2027-01-06,0.1837970129918869
TICK-B1665,2027-01-30 00:00:00,Agent_49,Email,General,1056,199,5,Dropped,2027-01-30,0.996176161619662
TICK-B1666,2027-01-27 00:00:00,Agent_44,Email,General,958,179,5,Dropped,2027-01-27,0.8988322865714102
TICK-B1667,2027-01-19 00:00:00,Agent_31,Chat,Tech Support,686,125,4,Open,2027-01-19,0.6267852998766592
TICK-B1668,2027-01-24 00:00:00,Agent_38,Email,General,827,153,4,Dropped,2027-01-24,0.7675764236682967
TICK-B1669,2027-01-11 00:00:00,Agent_16,Chat,Tech Support,396,67,2,Open,2027-01-11,0.33660333828712075
TICK-B1670,2027-01-09 00:00:00,Agent_14,Voice,Billing,351,58,2,Resolved,2027-01-09,0.2914888630111574
TICK-B1671,2027-01-27 00:00:00,Agent_44,Email,General,950,178,5,Dropped,2027-01-27,0.890452820774682
TICK-B1672,2027-01-11 00:00:00,Agent_17,Chat,Tech Support,411,70,2,Open,2027-01-11,0.3516479781604607
TICK-B1673,2027-01-08 00:00:00,Agent_11,Voice,Billing,295,47,2,Resolved,2027-01-08,0.23508887669305722
TICK-B1674,2027-01-20 00:00:00,Agent_32,Chat,Tech Support,708,129,4,Open,2027-01-20,0.6480645347348662
TICK-B1675,2027-01-23 00:00:00,Agent_37,Email,General,816,151,4,Dropped,2027-01-23,0.7565934141955954
TICK-B1676,2027-01-06 00:00:00,Agent_8,Voice,Billing,232,34,1,Resolved,2027-01-06,0.1725444743731589
TICK-B1677,2027-01-05 00:00:00,Agent_7,Voice,Billing,214,30,1,Resolved,2027-01-05,0.15436355771559762
TICK-B1678,2027-01-14 00:00:00,Agent_22,Chat,Tech Support,513,90,3,Open,2027-01-14,0.453529549829391
TICK-B1679,2027-01-17 00:00:00,Agent_27,Chat,Tech Support,605,109,3,Open,2027-01-17,0.5452611656976959
TICK-B1680,2027-01-18 00:00:00,Agent_28,Chat,Tech Support,632,114,3,Open,2027-01-18,0.5721108274761622
TICK-B1681,2027-01-08 00:00:00,Agent_12,Voice,Billing,301,48,2,Resolved,2027-01-08,0.24124043870644551
TICK-B1682,2027-01-18 00:00:00,Agent_29,Chat,Tech Support,650,118,3,Open,2027-01-18,0.5908850855996707
TICK-B1683,2027-01-23 00:00:00,Agent_37,Email,General,807,149,4,Dropped,2027-01-23,0.7474512208447591
TICK-B1684,2027-01-05 00:00:00,Agent_7,Voice,Billing,206,29,1,Resolved,2027-01-05,0.146074935189887
TICK-B1685,2027-01-02 00:00:00,Agent_1,Voice,Billing,96,7,1,Resolved,2027-01-02,0.03654216664079302
TICK-B1686,2027-01-13 00:00:00,Agent_20,Chat,Tech Support,465,81,3,Open,2027-01-13,0.40548753315536257
TICK-B1687,2027-01-09 00:00:00,Agent_14,Voice,Billing,345,57,2,Resolved,2027-01-09,0.2855209359489722
TICK-B1688,2027-01-19 00:00:00,Agent_31,Chat,Tech Support,691,126,4,Open,2027-01-19,0.6316011929403348
TICK-B1689,2027-01-22 00:00:00,Agent_35,Email,General,760,140,4,Dropped,2027-01-22,0.7005451376627211
TICK-B1690,2027-01-19 00:00:00,Agent_30,Chat,Tech Support,678,123,4,Open,2027-01-19,0.618260734515937
TICK-B1691,2027-01-12 00:00:00,Agent_19,Chat,Tech Support,445,77,2,Open,2027-01-12,0.3853997077879294
TICK-B1692,2027-01-03 00:00:00,Agent_4,Voice,Billing,150,18,1,Resolved,2027-01-03,0.09024904558047886
TICK-B1693,2027-01-25 00:00:00,Agent_41,Email,General,887,165,5,Dropped,2027-01-25,0.8277128963883393
TICK-B1694,2027-01-27 00:00:00,Agent_44,Email,General,957,179,5,Dropped,2027-01-27,0.8975144148494667
TICK-B1695,2027-01-18 00:00:00,Agent_29,Chat,Tech Support,653,118,3,Open,2027-01-18,0.5937840951039048
TICK-B1696,2027-01-15 00:00:00,Agent_23,Chat,Tech Support,535,95,3,Open,2027-01-15,0.4758948519295917
TICK-B1697,2027-01-01 00:00:00,Agent_1,Voice,Billing,87,5,1,Resolved,2027-01-01,0.02769738786721576
TICK-B1698,2027-01-06 00:00:00,Agent_8,Voice,Billing,233,34,1,Resolved,2027-01-06,0.1733080973662231
TICK-B1699,2027-01-06 00:00:00,Agent_9,Voice,Billing,254,38,1,Resolved,2027-01-06,0.19467844238325838
TICK-B1700,2027-01-08 00:00:00,Agent_13,Voice,Billing,320,52,2,Resolved,2027-01-08,0.2600472307089622
TICK-B1701,2027-01-08 00:00:00,Agent_12,Voice,Billing,314,50,2,Resolved,2027-01-08,0.2540549423600852
TICK-B1702,2027-01-27 00:00:00,Agent_44,Email,General,945,177,5,Dropped,2027-01-27,0.8854092463584797
TICK-B1703,2027-01-17 00:00:00,Agent_28,Chat,Tech Support,623,112,3,Open,2027-01-17,0.5634881049653222
TICK-B1704,2027-01-06 00:00:00,Agent_9,Voice,Billing,249,37,1,Resolved,2027-01-06,0.18934221418481534
TICK-B1705,2027-01-03 00:00:00,Agent_3,Voice,Billing,136,15,1,Resolved,2027-01-03,0.07604644699853025
TICK-B1706,2027-01-14 00:00:00,Agent_23,Chat,Tech Support,525,93,3,Open,2027-01-14,0.46570673612369595
TICK-B1707,2027-01-27 00:00:00,Agent_44,Email,General,956,179,5,Dropped,2027-01-27,0.8967956545349866
TICK-B1708,2027-01-18 00:00:00,Agent_28,Chat,Tech Support,637,115,3,Open,2027-01-18,0.5776385764840958
TICK-B1709,2027-01-24 00:00:00,Agent_38,Email,General,839,155,4,Dropped,2027-01-24,0.7799023275013034
TICK-B1710,2027-01-22 00:00:00,Agent_36,Email,General,780,144,4,Dropped,2027-01-22,0.7200750810538136
TICK-B1711,2027-01-03 00:00:00,Agent_3,Voice,Billing,137,15,1,Resolved,2027-01-03,0.07768574770540537
TICK-B1712,2027-01-22 00:00:00,Agent_35,Email,General,769,141,4,Dropped,2027-01-22,0.7090488575490999
TICK-B1713,2027-01-16 00:00:00,Agent_25,Chat,Tech Support,562,100,3,Open,2027-01-16,0.5028660037090815
TICK-B1714,2027-01-04 00:00:00,Agent_5,Voice,Billing,161,20,1,Resolved,2027-01-04,0.10171571250964428
TICK-B1715,2027-01-07 00:00:00,Agent_10,Voice,Billing,260,40,2,Resolved,2027-01-07,0.2009654052546408
TICK-B1716,2027-01-14 00:00:00,Agent_21,Chat,Tech Support,497,87,3,Open,2027-01-14,0.4376895006672329
TICK-B1717,2027-01-18 00:00:00,Agent_29,Chat,Tech Support,657,119,3,Open,2027-01-18,0.5974130324335486
TICK-B1718,2027-01-26 00:00:00,Agent_42,Email,General,908,169,5,Dropped,2027-01-26,0.8486619023181219
TICK-B1719,2027-01-16 00:00:00,Agent_26,Chat,Tech Support,586,105,3,Open,2027-01-16,0.5264769805788482
TICK-B1720,2027-01-28 00:00:00,Agent_46,Email,General,992,186,5,Dropped,2027-01-28,0.93235585341664
TICK-B1721,2027-01-26 00:00:00,Agent_43,Email,General,924,172,5,Dropped,2027-01-26,0.8643406506526697
TICK-B1722,2027-01-21 00:00:00,Agent_34,Email,General,741,136,4,Dropped,2027-01-21,0.6811447979760346
TICK-B1723,2027-01-01 00:00:00,Agent_0,Voice,Billing,72,2,1,Resolved,2027-01-01,0.012027932055403312
TICK-B1724,2027-01-26 00:00:00,Agent_42,Email,General,908,169,5,Dropped,2027-01-26,0.8488173362099187
TICK-B1725,2027-01-28 00:00:00,Agent_45,Email,General,974,182,5,Dropped,2027-01-28,0.9143684390996415
TICK-B1726,2027-01-14 00:00:00,Agent_23,Chat,Tech Support,526,93,3,Open,2027-01-14,0.46664321922757057
TICK-B1727,2027-01-10 00:00:00,Agent_15,Voice,Billing,361,60,2,Resolved,2027-01-10,0.3013251112913582
TICK-B1728,2027-01-11 00:00:00,Agent_16,Chat,Tech Support,395,67,2,Open,2027-01-11,0.33514948301977787
TICK-B1729,2027-01-03 00:00:00,Agent_4,Voice,Billing,146,17,1,Resolved,2027-01-03,0.08676167476462726
TICK-B1730,2027-01-12 00:00:00,Agent_19,Chat,Tech Support,459,79,2,Open,2027-01-12,0.3996790555019918
TICK-B1731,2027-01-25 00:00:00,Agent_40,Email,General,872,162,5,Dropped,2027-01-25,0.8126075545444256
TICK-B1732,2027-01-19 00:00:00,Agent_30,Chat,Tech Support,673,122,4,Open,2027-01-19,0.6134512687820204
TICK-B1733,2027-01-11 00:00:00,Agent_16,Chat,Tech Support,394,66,2,Open,2027-01-11,0.3344024611499856
TICK-B1734,2027-01-30 00:00:00,Agent_48,Email,General,1039,195,5,Dropped,2027-01-30,0.9791832270054657
TICK-B1735,2027-01-01 00:00:00,Agent_1,Voice,Billing,88,5,1,Resolved,2027-01-01,0.028486064987616078
TICK-B1736,2027-01-21 00:00:00,Agent_34,Email,General,741,136,4,Dropped,2027-01-21,0.6811331497730597
TICK-B1737,2027-01-26 00:00:00,Agent_43,Email,General,920,172,5,Dropped,2027-01-26,0.8601214899839763
TICK-B1738,2027-01-04 00:00:00,Agent_5,Voice,Billing,169,21,1,Resolved,2027-01-04,0.10962033244090419
TICK-B1739,2027-01-16 00:00:00,Agent_26,Chat,Tech Support,580,104,3,Open,2027-01-16,0.5204120208354455
TICK-B1740,2027-01-23 00:00:00,Agent_38,Email,General,820,152,4,Dropped,2027-01-23,0.7602345373838933
TICK-B1741,2027-01-01 00:00:00,Agent_1,Voice,Billing,85,5,1,Resolved,2027-01-01,0.02566999099776046
TICK-B1742,2027-01-16 00:00:00,Agent_26,Chat,Tech Support,584,104,3,Open,2027-01-16,0.5244823765910088
TICK-B1743,2027-01-26 00:00:00,Agent_43,Email,General,923,172,5,Dropped,2027-01-26,0.8634033252445587
TICK-B1744,2027-01-20 00:00:00,Agent_32,Chat,Tech Support,703,128,4,Open,2027-01-20,0.6434442008969368
TICK-B1745,2027-01-02 00:00:00,Agent_2,Voice,Billing,111,10,1,Resolved,2027-01-02,0.05186761425801334
TICK-B1746,2027-01-14 00:00:00,Agent_22,Chat,Tech Support,516,91,3,Open,2027-01-14,0.4563840457259829
TICK-B1747,2027-01-16 00:00:00,Agent_25,Chat,Tech Support,564,100,3,Open,2027-01-16,0.504323529086278
TICK-B1748,2027-01-05 00:00:00,Agent_6,Voice,Billing,193,26,1,Resolved,2027-01-05,0.13382729134907867
TICK-B1749,2027-01-16 00:00:00,Agent_26,Chat,Tech Support,580,104,3,Open,2027-01-16,0.5200087137985948
TICK-B1750,2027-01-22 00:00:00,Agent_35,Email,General,766,141,4,Dropped,2027-01-22,0.7060839673893984
TICK-B1751,2027-01-22 00:00:00,Agent_36,Email,General,792,146,4,Dropped,2027-01-22,0.7326205715547589
TICK-B1752,2027-01-14 00:00:00,Agent_22,Chat,Tech Support,517,91,3,Open,2027-01-14,0.45734650255192955
TICK-B1753,2027-01-15 00:00:00,Agent_24,Chat,Tech Support,540,96,3,Open,2027-01-15,0.48038783409924124
TICK-B1754,2027-01-27 00:00:00,Agent_43,Email,General,939,175,5,Dropped,2027-01-27,0.8795150858447243
TICK-B1755,2027-01-21 00:00:00,Agent_33,Email,General,739,135,4,Dropped,2027-01-21,0.6796733062901378
TICK-B1756,2027-01-16 00:00:00,Agent_26,Chat,Tech Support,592,106,3,Open,2027-01-16,0.5328643905944919
TICK-B1757,2027-01-28 00:00:00,Agent_45,Email,General,963,180,5,Dropped,2027-01-28,0.9030724575719681
TICK-B1758,2027-01-04 00:00:00,Agent_6,Voice,Billing,188,25,1,Resolved,2027-01-04,0.1287509666478056
TICK-B1759,2027-01-25 00:00:00,Agent_40,Email,General,868,161,5,Dropped,2027-01-25,0.8088660508608345
TICK-B1760,2027-01-13 00:00:00,Agent_20,Chat,Tech Support,479,83,3,Open,2027-01-13,0.41982227522010496
TICK-B1761,2027-01-09 00:00:00,Agent_13,Voice,Billing,337,55,2,Resolved,2027-01-09,0.2779874927189949
TICK-B1762,2027-01-23 00:00:00,Agent_37,Email,General,817,151,4,Dropped,2027-01-23,0.7578031391590115
TICK-B1763,2027-01-19 00:00:00,Agent_31,Chat,Tech Support,683,124,4,Open,2027-01-19,0.6233692056266658
TICK-B1764,2027-01-20 00:00:00,Agent_32,Chat,Tech Support,709,129,4,Open,2027-01-20,0.6491089560982051
TICK-B1765,2027-01-29 00:00:00,Agent_46,Email,General,995,187,5,Dropped,2027-01-29,0.9352395125434116
TICK-B1766,2027-01-08 00:00:00,Agent_13,Voice,Billing,326,53,2,Resolved,2027-01-08,0.26639160878823764
TICK-B1767,2027-01-29 00:00:00,Agent_47,Email,General,1011,190,5,Dropped,2027-01-29,0.9516777675859184
TICK-B1768,2027-01-26 00:00:00,Agent_43,Email,General,921,172,5,Dropped,2027-01-26,0.861348153914996
TICK-B1769,2027-01-11 00:00:00,Agent_17,Chat,Tech Support,404,68,2,Open,2027-01-11,0.3443393828988892
TICK-B1770,2027-01-13 00:00:00,Agent_21,Chat,Tech Support,489,85,3,Open,2027-01-13,0.42969700556049073
TICK-B1771,2027-01-09 00:00:00,Agent_14,Voice,Billing,348,57,2,Resolved,2027-01-09,0.288035930705418
TICK-B1772,2027-01-29 00:00:00,Agent_47,Email,General,1015,191,5,Dropped,2027-01-29,0.9558335694856114
TICK-B1773,2027-01-03 00:00:00,Agent_4,Voice,Billing,150,18,1,Resolved,2027-01-03,0.09059776863708735
TICK-B1774,2027-01-27 00:00:00,Agent_44,Email,General,945,177,5,Dropped,2027-01-27,0.8850625409317938
TICK-B1775,2027-01-11 00:00:00,Agent_17,Chat,Tech Support,411,70,2,Open,2027-01-11,0.3517426666964627
TICK-B1776,2027-01-03 00:00:00,Agent_4,Voice,Billing,158,19,1,Resolved,2027-01-03,0.09825221710167775
TICK-B1777,2027-01-26 00:00:00,Agent_42,Email,General,919,171,5,Dropped,2027-01-26,0.8599019452486018
TICK-B1778,2027-01-18 00:00:00,Agent_28,Chat,Tech Support,631,114,3,Open,2027-01-18,0.5711450687864851
TICK-B1779,2027-01-19 00:00:00,Agent_30,Chat,Tech Support,669,121,4,Open,2027-01-19,0.609560769589219
TICK-B1780,2027-01-30 00:00:00,Agent_48,Email,General,1034,194,5,Dropped,2027-01-30,0.9746456709928218
TICK-B1781,2027-01-23 00:00:00,Agent_37,Email,General,809,149,4,Dropped,2027-01-23,0.7496471945107605
TICK-B1782,2027-01-19 00:00:00,Agent_30,Chat,Tech Support,669,121,4,Open,2027-01-19,0.6099128060368391
TICK-B1783,2027-01-21 00:00:00,Agent_34,Email,General,749,137,4,Dropped,2027-01-21,0.6893169128789082
TICK-B1784,2027-01-02 00:00:00,Agent_2,Voice,Billing,114,10,1,Resolved,2027-01-02,0.05421417709846954
TICK-B1785,2027-01-02 00:00:00,Agent_3,Voice,Billing,121,12,1,Resolved,2027-01-02,0.061638524614819
TICK-B1786,2027-01-18 00:00:00,Agent_28,Chat,Tech Support,629,113,3,Open,2027-01-18,0.5698440359040784
TICK-B1787,2027-01-15 00:00:00,Agent_23,Chat,Tech Support,537,95,3,Open,2027-01-15,0.47702715122935224
TICK-B1788,2027-01-21 00:00:00,Agent_34,Email,General,759,139,4,Dropped,2027-01-21,0.699703656351909
TICK-B1789,2027-01-22 00:00:00,Agent_36,Email,General,791,146,4,Dropped,2027-01-22,0.7312832356553761
TICK-B1790,2027-01-16 00:00:00,Agent_25,Chat,Tech Support,577,103,3,Open,2027-01-16,0.5178029415687467
TICK-B1791,2027-01-06 00:00:00,Agent_9,Voice,Billing,248,37,1,Resolved,2027-01-06,0.188409689251116
TICK-B1792,2027-01-12 00:00:00,Agent_19,Chat,Tech Support,449,77,2,Open,2027-01-12,0.3892707252868909
TICK-B1793,2027-01-23 00:00:00,Agent_37,Email,General,814,150,4,Dropped,2027-01-23,0.754723114160336
TICK-B1794,2027-01-15 00:00:00,Agent_24,Chat,Tech Support,554,98,3,Open,2027-01-15,0.49417257546387916
TICK-B1795,2027-01-20 00:00:00,Agent_32,Chat,Tech Support,703,128,4,Open,2027-01-20,0.6434179122936216
TICK-B1796,2027-01-08 00:00:00,Agent_12,Voice,Billing,301,48,2,Resolved,2027-01-08,0.24149907195514486
TICK-B1797,2027-01-23 00:00:00,Agent_37,Email,General,817,151,4,Dropped,2027-01-23,0.7573842361737898
TICK-B1798,2027-01-29 00:00:00,Agent_47,Email,General,1009,189,5,Dropped,2027-01-29,0.9498455980895255
TICK-B1799,2027-01-04 00:00:00,Agent_5,Voice,Billing,162,20,1,Resolved,2027-01-04,0.10249948331398095
TICK-B1800,2027-01-16 00:00:00,Agent_26,Chat,Tech Support,583,104,3,Open,2027-01-16,0.5237554161864288
TICK-B1801,2027-01-23 00:00:00,Agent_36,Email,General,798,147,4,Dropped,2027-01-23,0.7380615721377762
TICK-B1802,2027-01-30 00:00:00,Agent_49,Email,General,1048,197,5,Dropped,2027-01-30,0.9885715372426563
TICK-B1803,2027-01-29 00:00:00,Agent_47,Email,General,1002,188,5,Dropped,2027-01-29,0.9429869223694066
TICK-B1804,2027-01-01 00:00:00,Agent_1,Voice,Billing,86,5,1,Resolved,2027-01-01,0.026513014028315185
TICK-B1805,2027-01-14 00:00:00,Agent_22,Chat,Tech Support,508,89,3,Open,2027-01-14,0.44869144172433095
TICK-B1806,2027-01-29 00:00:00,Agent_47,Email,General,1000,188,5,Dropped,2027-01-29,0.9401203353042814
TICK-B1807,2027-01-11 00:00:00,Agent_18,Chat,Tech Support,425,73,2,Open,2027-01-11,0.36577463603523874
TICK-B1808,2027-01-28 00:00:00,Agent_45,Email,General,968,181,5,Dropped,2027-01-28,0.908077264800306
TICK-B1809,2027-01-24 00:00:00,Agent_38,Email,General,837,155,4,Dropped,2027-01-24,0.7770986368750245
TICK-B1810,2027-01-03 00:00:00,Agent_3,Voice,Billing,130,14,1,Resolved,2027-01-03,0.07000368915166166
TICK-B1811,2027-01-14 00:00:00,Agent_21,Chat,Tech Support,497,87,3,Open,2027-01-14,0.4379844590732337
TICK-B1812,2027-01-19 00:00:00,Agent_30,Chat,Tech Support,669,121,4,Open,2027-01-19,0.609564614726564
TICK-B1813,2027-01-23 00:00:00,Agent_37,Email,General,801,148,4,Dropped,2027-01-23,0.7419107013006946
TICK-B1814,2027-01-11 00:00:00,Agent_18,Chat,Tech Support,422,72,2,Open,2027-01-11,0.3627670056318716
TICK-B1815,2027-01-02 00:00:00,Agent_2,Voice,Billing,103,8,1,Resolved,2027-01-02,0.043664670024200936
TICK-B1816,2027-01-27 00:00:00,Agent_43,Email,General,929,173,5,Dropped,2027-01-27,0.8692388332096537
TICK-B1817,2027-01-06 00:00:00,Agent_9,Voice,Billing,240,36,1,Resolved,2027-01-06,0.1807692767506549
TICK-B1818,2027-01-28 00:00:00,Agent_45,Email,General,963,180,5,Dropped,2027-01-28,0.9032298314059042
TICK-B1819,2027-01-01 00:00:00,Agent_1,Voice,Billing,87,5,1,Resolved,2027-01-01,0.027737208350502973
TICK-B1820,2027-01-10 00:00:00,Agent_15,Voice,Billing,360,60,2,Resolved,2027-01-10,0.3005663391335107
TICK-B1821,2027-01-04 00:00:00,Agent_5,Voice,Billing,161,20,1,Resolved,2027-01-04,0.10117601782353802
TICK-B1822,2027-01-09 00:00:00,Agent_13,Voice,Billing,338,55,2,Resolved,2027-01-09,0.27891272972453807
TICK-B1823,2027-01-06 00:00:00,Agent_9,Voice,Billing,242,36,1,Resolved,2027-01-06,0.18248501327378708
TICK-B1824,2027-01-22 00:00:00,Agent_36,Email,General,792,146,4,Dropped,2027-01-22,0.7326444633914584
TICK-B1825,2027-01-26 00:00:00,Agent_42,Email,General,914,170,5,Dropped,2027-01-26,0.8545890513054952
TICK-B1826,2027-01-23 00:00:00,Agent_37,Email,General,819,151,4,Dropped,2027-01-23,0.7599149809938249
TICK-B1827,2027-01-26 00:00:00,Agent_42,Email,General,916,171,5,Dropped,2027-01-26,0.8560620212508033
TICK-B1828,2027-01-27 00:00:00,Agent_43,Email,General,932,174,5,Dropped,2027-01-27,0.8726909572085564
TICK-B1829,2027-01-04 00:00:00,Agent_5,Voice,Billing,178,23,1,Resolved,2027-01-04,0.11882711961217951
TICK-B1830,2027-01-11 00:00:00,Agent_17,Chat,Tech Support,410,70,2,Open,2027-01-11,0.3507999469650587
TICK-B1831,2027-01-08 00:00:00,Agent_12,Voice,Billing,317,51,2,Resolved,2027-01-08,0.25757225679865936
TICK-B1832,2027-01-24 00:00:00,Agent_39,Email,General,841,156,4,Dropped,2027-01-24,0.7815544907782627
TICK-B1833,2027-01-04 00:00:00,Agent_5,Voice,Billing,163,20,1,Resolved,2027-01-04,0.10395050488342295
TICK-B1834,2027-01-08 00:00:00,Agent_12,Voice,Billing,304,48,2,Resolved,2027-01-08,0.24491893916684604
TICK-B1835,2027-01-27 00:00:00,Agent_43,Email,General,938,175,5,Dropped,2027-01-27,0.8781607318204653
TICK-B1836,2027-01-03 00:00:00,Agent_3,Voice,Billing,136,15,1,Resolved,2027-01-03,0.07659946518100225
TICK-B1837,2027-01-19 00:00:00,Agent_30,Chat,Tech Support,661,120,4,Open,2027-01-19,0.601361970385127
TICK-B1838,2027-01-08 00:00:00,Agent_13,Voice,Billing,325,53,2,Resolved,2027-01-08,0.2655568856792724
TICK-B1839,2027-01-02 00:00:00,Agent_2,Voice,Billing,105,9,1,Resolved,2027-01-02,0.0452205520482688
TICK-B1840,2027-01-04 00:00:00,Agent_5,Voice,Billing,178,23,1,Resolved,2027-01-04,0.11886822803717512
TICK-B1841,2027-01-26 00:00:00,Agent_42,Email,General,910,170,5,Dropped,2027-01-26,0.8507349532341892
TICK-B1842,2027-01-26 00:00:00,Agent_41,Email,General,899,167,5,Dropped,2027-01-26,0.8393051850806458
TICK-B1843,2027-01-08 00:00:00,Agent_12,Voice,Billing,306,49,2,Resolved,2027-01-08,0.24631401242334172
TICK-B1844,2027-01-06 00:00:00,Agent_9,Voice,Billing,250,38,1,Resolved,2027-01-06,0.19083670353565985
TICK-B1845,2027-01-06 00:00:00,Agent_9,Voice,Billing,255,39,1,Resolved,2027-01-06,0.19586543257568567
TICK-B1846,2027-01-27 00:00:00,Agent_44,Email,General,941,176,5,Dropped,2027-01-27,0.8812761788350096
TICK-B1847,2027-01-19 00:00:00,Agent_31,Chat,Tech Support,681,124,4,Open,2027-01-19,0.6212130369566858
TICK-B1848,2027-01-21 00:00:00,Agent_34,Email,General,750,138,4,Dropped,2027-01-21,0.6902492993797253
TICK-B1849,2027-01-01 00:00:00,Agent_0,Voice,Billing,60,0,1,Resolved,2027-01-01,4.6701051624853385E-4
TICK-B1850,2027-01-30 00:00:00,Agent_49,Email,General,1051,198,5,Dropped,2027-01-30,0.991396024858916
TICK-B1851,2027-01-04 00:00:00,Agent_5,Voice,Billing,174,22,1,Resolved,2027-01-04,0.11470050831075729
TICK-B1852,2027-01-25 00:00:00,Agent_41,Email,General,892,166,5,Dropped,2027-01-25,0.8326512051570927
TICK-B1853,2027-01-28 00:00:00,Agent_45,Email,General,967,181,5,Dropped,2027-01-28,0.9074158356698364
TICK-B1854,2027-01-12 00:00:00,Agent_19,Chat,Tech Support,459,79,2,Open,2027-01-12,0.39966526564524296
TICK-B1855,2027-01-28 00:00:00,Agent_45,Email,General,966,181,5,Dropped,2027-01-28,0.906908827238539
TICK-B1856,2027-01-13 00:00:00,Agent_20,Chat,Tech Support,470,82,3,Open,2027-01-13,0.410119811669728
TICK-B1857,2027-01-17 00:00:00,Agent_26,Chat,Tech Support,597,107,3,Open,2027-01-17,0.5373738545922232
TICK-B1858,2027-01-02 00:00:00,Agent_2,Voice,Billing,119,11,1,Resolved,2027-01-02,0.05953051543289567
TICK-B1859,2027-01-17 00:00:00,Agent_27,Chat,Tech Support,609,109,3,Open,2027-01-17,0.5498471062210135
TICK-B1860,2027-01-29 00:00:00,Agent_47,Email,General,1004,188,5,Dropped,2027-01-29,0.9447942641281193
TICK-B1861,2027-01-18 00:00:00,Agent_28,Chat,Tech Support,627,113,3,Open,2027-01-18,0.5670558821401904
TICK-B1862,2027-01-27 00:00:00,Agent_44,Email,General,951,178,5,Dropped,2027-01-27,0.891121382795179
TICK-B1863,2027-01-27 00:00:00,Agent_43,Email,General,931,174,5,Dropped,2027-01-27,0.8710571356274599
TICK-B1864,2027-01-26 00:00:00,Agent_42,Email,General,910,170,5,Dropped,2027-01-26,0.8506808043148496
TICK-B1865,2027-01-26 00:00:00,Agent_42,Email,General,912,170,5,Dropped,2027-01-26,0.8520669770030755
TICK-B1866,2027-01-10 00:00:00,Agent_15,Voice,Billing,372,62,2,Resolved,2027-01-10,0.3121620786681091
TICK-B1867,2027-01-27 00:00:00,Agent_44,Email,General,959,179,5,Dropped,2027-01-27,0.8991303638717584
TICK-B1868,2027-01-25 00:00:00,Agent_40,Email,General,878,163,5,Dropped,2027-01-25,0.8186060931146051
TICK-B1869,2027-01-03 00:00:00,Agent_4,Voice,Billing,152,18,1,Resolved,2027-01-03,0.09278117950491938
TICK-B1870,2027-01-17 00:00:00,Agent_27,Chat,Tech Support,618,111,3,Open,2027-01-17,0.5581430052781984
TICK-B1871,2027-01-17 00:00:00,Agent_27,Chat,Tech Support,614,110,3,Open,2027-01-17,0.5541341928991451
TICK-B1872,2027-01-08 00:00:00,Agent_11,Voice,Billing,299,47,2,Resolved,2027-01-08,0.23961195749563657
TICK-B1873,2027-01-03 00:00:00,Agent_4,Voice,Billing,154,18,1,Resolved,2027-01-03,0.09428129999726464
TICK-B1874,2027-01-30 00:00:00,Agent_49,Email,General,1047,197,5,Dropped,2027-01-30,0.9876226158041705
TICK-B1875,2027-01-13 00:00:00,Agent_21,Chat,Tech Support,485,85,3,Open,2027-01-13,0.42517358889744816
TICK-B1876,2027-01-21 00:00:00,Agent_34,Email,General,744,136,4,Dropped,2027-01-21,0.6844414325579077
TICK-B1877,2027-01-11 00:00:00,Agent_17,Chat,Tech Support,414,70,2,Open,2027-01-11,0.35455147371746376
TICK-B1878,2027-01-01 00:00:00,Agent_0,Voice,Billing,69,1,1,Resolved,2027-01-01,0.00959422733013926
TICK-B1879,2027-01-12 00:00:00,Agent_19,Chat,Tech Support,445,77,2,Open,2027-01-12,0.3856840046710851
TICK-B1880,2027-01-11 00:00:00,Agent_16,Chat,Tech Support,395,67,2,Open,2027-01-11,0.33578112637694835
TICK-B1881,2027-01-16 00:00:00,Agent_26,Chat,Tech Support,585,105,3,Open,2027-01-16,0.5254326177675807
TICK-B1882,2027-01-18 00:00:00,Agent_28,Chat,Tech Support,631,114,3,Open,2027-01-18,0.5710729937974763
TICK-B1883,2027-01-14 00:00:00,Agent_22,Chat,Tech Support,501,88,3,Open,2027-01-14,0.44101078136720817
TICK-B1884,2027-01-06 00:00:00,Agent_9,Voice,Billing,251,38,1,Resolved,2027-01-06,0.191422148377001
TICK-B1885,2027-01-16 00:00:00,Agent_26,Chat,Tech Support,584,104,3,Open,2027-01-16,0.5249448258178343
TICK-B1886,2027-01-24 00:00:00,Agent_39,Email,General,850,158,4,Dropped,2027-01-24,0.7909425192141922
TICK-B1887,2027-01-09 00:00:00,Agent_13,Voice,Billing,338,55,2,Resolved,2027-01-09,0.27874754761178044
TICK-B1888,2027-01-02 00:00:00,Agent_2,Voice,Billing,115,11,1,Resolved,2027-01-02,0.05590384187612296
TICK-B1889,2027-01-17 00:00:00,Agent_27,Chat,Tech Support,619,111,3,Open,2027-01-17,0.5592481344569467
TICK-B1890,2027-01-18 00:00:00,Agent_29,Chat,Tech Support,642,116,3,Open,2027-01-18,0.5828884734600739
TICK-B1891,2027-01-07 00:00:00,Agent_11,Voice,Billing,281,44,2,Resolved,2027-01-07,0.22148016915895086
TICK-B1892,2027-01-17 00:00:00,Agent_27,Chat,Tech Support,602,108,3,Open,2027-01-17,0.5425528907837917
TICK-B1893,2027-01-18 00:00:00,Agent_29,Chat,Tech Support,640,116,3,Open,2027-01-18,0.5801765558866944
TICK-B1894,2027-01-21 00:00:00,Agent_34,Email,General,744,136,4,Dropped,2027-01-21,0.6846228622800579
TICK-B1895,2027-01-19 00:00:00,Agent_30,Chat,Tech Support,669,121,4,Open,2027-01-19,0.6090340569761065
TICK-B1896,2027-01-21 00:00:00,Agent_34,Email,General,741,136,4,Dropped,2027-01-21,0.6811897287089929
TICK-B1897,2027-01-08 00:00:00,Agent_13,Voice,Billing,320,52,2,Resolved,2027-01-08,0.2605264109497205
TICK-B1898,2027-01-07 00:00:00,Agent_10,Voice,Billing,272,42,2,Resolved,2027-01-07,0.21295817074428425
TICK-B1899,2027-01-03 00:00:00,Agent_4,Voice,Billing,156,19,1,Resolved,2027-01-03,0.09685704392281924
TICK-B1900,2027-01-14 00:00:00,Agent_23,Chat,Tech Support,520,92,3,Open,2027-01-14,0.4601693609763241
TICK-B1901,2027-01-24 00:00:00,Agent_38,Email,General,829,153,4,Dropped,2027-01-24,0.7696198614273712
TICK-B1902,2027-01-05 00:00:00,Agent_7,Voice,Billing,212,30,1,Resolved,2027-01-05,0.1522488986429391
TICK-B1903,2027-01-17 00:00:00,Agent_26,Chat,Tech Support,599,107,3,Open,2027-01-17,0.5393896032663007
TICK-B1904,2027-01-26 00:00:00,Agent_43,Email,General,922,172,5,Dropped,2027-01-26,0.8621372561298846
TICK-B1905,2027-01-20 00:00:00,Agent_32,Chat,Tech Support,708,129,4,Open,2027-01-20,0.6481068554889201
TICK-B1906,2027-01-26 00:00:00,Agent_41,Email,General,895,167,5,Dropped,2027-01-26,0.8352218349149462
TICK-B1907,2027-01-10 00:00:00,Agent_15,Voice,Billing,367,61,2,Resolved,2027-01-10,0.3072467209976141
TICK-B1908,2027-01-04 00:00:00,Agent_6,Voice,Billing,192,26,1,Resolved,2027-01-04,0.1329442236426226
TICK-B1909,2027-01-26 00:00:00,Agent_42,Email,General,912,170,5,Dropped,2027-01-26,0.8526411952902693
TICK-B1910,2027-01-26 00:00:00,Agent_41,Email,General,899,167,5,Dropped,2027-01-26,0.8390956500319044
TICK-B1911,2027-01-27 00:00:00,Agent_44,Email,General,943,176,5,Dropped,2027-01-27,0.8837729868611278
TICK-B1912,2027-01-22 00:00:00,Agent_35,Email,General,763,140,4,Dropped,2027-01-22,0.7037753942536494
TICK-B1913,2027-01-04 00:00:00,Agent_5,Voice,Billing,176,23,1,Resolved,2027-01-04,0.11646462139592095
TICK-B1914,2027-01-09 00:00:00,Agent_14,Voice,Billing,343,56,2,Resolved,2027-01-09,0.28337465288724917
TICK-B1915,2027-01-11 00:00:00,Agent_17,Chat,Tech Support,417,71,2,Open,2027-01-11,0.357481587674799
TICK-B1916,2027-01-28 00:00:00,Agent_46,Email,General,989,185,5,Dropped,2027-01-28,0.929996005724785
TICK-B1917,2027-01-19 00:00:00,Agent_31,Chat,Tech Support,685,125,4,Open,2027-01-19,0.6255429995049319
TICK-B1918,2027-01-20 00:00:00,Agent_32,Chat,Tech Support,712,130,4,Open,2027-01-20,0.6524528992117596
TICK-B1919,2027-01-10 00:00:00,Agent_15,Voice,Billing,372,62,2,Resolved,2027-01-10,0.31273932506007196
TICK-B1920,2027-01-18 00:00:00,Agent_29,Chat,Tech Support,641,116,3,Open,2027-01-18,0.5819814540948118
TICK-B1921,2027-01-29 00:00:00,Agent_48,Email,General,1023,192,5,Dropped,2027-01-29,0.9637796321208745
TICK-B1922,2027-01-14 00:00:00,Agent_23,Chat,Tech Support,522,92,3,Open,2027-01-14,0.46231650032664673
TICK-B1923,2027-01-14 00:00:00,Agent_21,Chat,Tech Support,495,87,3,Open,2027-01-14,0.4351529116942934
TICK-B1924,2027-01-09 00:00:00,Agent_14,Voice,Billing,350,58,2,Resolved,2027-01-09,0.29083406551298907
TICK-B1925,2027-01-05 00:00:00,Agent_7,Voice,Billing,214,30,1,Resolved,2027-01-05,0.15429531551061026
TICK-B1926,2027-01-02 00:00:00,Agent_2,Voice,Billing,116,11,1,Resolved,2027-01-02,0.05610431461070897
TICK-B1927,2027-01-21 00:00:00,Agent_34,Email,General,758,139,4,Dropped,2027-01-21,0.6989858520706081
TICK-B1928,2027-01-29 00:00:00,Agent_48,Email,General,1021,192,5,Dropped,2027-01-29,0.9615753668260745
TICK-B1929,2027-01-22 00:00:00,Agent_36,Email,General,792,146,4,Dropped,2027-01-22,0.73269940614311
TICK-B1930,2027-01-19 00:00:00,Agent_30,Chat,Tech Support,675,123,4,Open,2027-01-19,0.6153881667920962
TICK-B1931,2027-01-30 00:00:00,Agent_49,Email,General,1054,198,5,Dropped,2027-01-30,0.9945851711183336
TICK-B1932,2027-01-05 00:00:00,Agent_6,Voice,Billing,195,27,1,Resolved,2027-01-05,0.13560142436967815
TICK-B1933,2027-01-26 00:00:00,Agent_42,Email,General,913,170,5,Dropped,2027-01-26,0.8534090492919234
TICK-B1934,2027-01-28 00:00:00,Agent_45,Email,General,971,182,5,Dropped,2027-01-28,0.9115891985722906
TICK-B1935,2027-01-14 00:00:00,Agent_23,Chat,Tech Support,522,92,3,Open,2027-01-14,0.46203506208724354
TICK-B1936,2027-01-08 00:00:00,Agent_12,Voice,Billing,315,51,2,Resolved,2027-01-08,0.25565094254708787
TICK-B1937,2027-01-10 00:00:00,Agent_15,Voice,Billing,363,60,2,Resolved,2027-01-10,0.30391003689959817
TICK-B1938,2027-01-13 00:00:00,Agent_20,Chat,Tech Support,476,83,3,Open,2027-01-13,0.4161551020107187
TICK-B1939,2027-01-28 00:00:00,Agent_45,Email,General,978,183,5,Dropped,2027-01-28,0.9186772556199931
TICK-B1940,2027-01-08 00:00:00,Agent_12,Voice,Billing,313,50,2,Resolved,2027-01-08,0.2534248681816397
TICK-B1941,2027-01-19 00:00:00,Agent_31,Chat,Tech Support,693,126,4,Open,2027-01-19,0.6332102113765887
TICK-B1942,2027-01-29 00:00:00,Agent_48,Email,General,1021,192,5,Dropped,2027-01-29,0.9619062079538117
TICK-B1943,2027-01-22 00:00:00,Agent_36,Email,General,792,146,4,Dropped,2027-01-22,0.7326300417964494
TICK-B1944,2027-01-07 00:00:00,Agent_11,Voice,Billing,285,45,2,Resolved,2027-01-07,0.22541039545369146
TICK-B1945,2027-01-25 00:00:00,Agent_41,Email,General,892,166,5,Dropped,2027-01-25,0.8323862570048125
TICK-B1946,2027-01-30 00:00:00,Agent_49,Email,General,1045,197,5,Dropped,2027-01-30,0.9851876941616888
TICK-B1947,2027-01-02 00:00:00,Agent_1,Voice,Billing,99,7,1,Resolved,2027-01-02,0.03987979810658415
TICK-B1948,2027-01-15 00:00:00,Agent_23,Chat,Tech Support,529,93,3,Open,2027-01-15,0.4694321879019514
TICK-B1949,2027-01-27 00:00:00,Agent_44,Email,General,959,179,5,Dropped,2027-01-27,0.8992038122303834
TICK-B1950,2027-01-23 00:00:00,Agent_37,Email,General,809,149,4,Dropped,2027-01-23,0.7495710219934048
TICK-B1951,2027-01-18 00:00:00,Agent_29,Chat,Tech Support,644,116,3,Open,2027-01-18,0.5849295330057692
TICK-B1952,2027-01-10 00:00:00,Agent_15,Voice,Billing,377,63,2,Resolved,2027-01-10,0.31754282302608805
TICK-B1953,2027-01-12 00:00:00,Agent_18,Chat,Tech Support,427,73,2,Open,2027-01-12,0.36733859673882374
TICK-B1954,2027-01-24 00:00:00,Agent_39,Email,General,844,156,4,Dropped,2027-01-24,0.784900879763993
TICK-B1955,2027-01-08 00:00:00,Agent_13,Voice,Billing,325,53,2,Resolved,2027-01-08,0.2653455159797694
TICK-B1956,2027-01-13 00:00:00,Agent_20,Chat,Tech Support,474,82,3,Open,2027-01-13,0.4142018134985007
TICK-B1957,2027-01-17 00:00:00,Agent_26,Chat,Tech Support,594,106,3,Open,2027-01-17,0.5349867813424505
TICK-B1958,2027-01-05 00:00:00,Agent_7,Voice,Billing,214,30,1,Resolved,2027-01-05,0.15457882348689866
TICK-B1959,2027-01-29 00:00:00,Agent_47,Email,General,1005,189,5,Dropped,2027-01-29,0.9457843313100529
TICK-B1960,2027-01-23 00:00:00,Agent_36,Email,General,797,147,4,Dropped,2027-01-23,0.7377054039943588
TICK-B1961,2027-01-25 00:00:00,Agent_40,Email,General,860,160,5,Dropped,2027-01-25,0.800748858424663
TICK-B1962,2027-01-25 00:00:00,Agent_41,Email,General,892,166,5,Dropped,2027-01-25,0.8329310207936217
TICK-B1963,2027-01-28 00:00:00,Agent_45,Email,General,973,182,5,Dropped,2027-01-28,0.9136650410808314
TICK-B1964,2027-01-24 00:00:00,Agent_38,Email,General,828,153,4,Dropped,2027-01-24,0.7683754712967291
TICK-B1965,2027-01-14 00:00:00,Agent_21,Chat,Tech Support,498,87,3,Open,2027-01-14,0.4386840125508126
TICK-B1966,2027-01-09 00:00:00,Agent_13,Voice,Billing,339,55,2,Resolved,2027-01-09,0.27927307637860366
TICK-B1967,2027-01-02 00:00:00,Agent_3,Voice,Billing,126,13,1,Resolved,2027-01-02,0.06608127782487472
TICK-B1968,2027-01-19 00:00:00,Agent_30,Chat,Tech Support,670,122,4,Open,2027-01-19,0.6106687794536623
TICK-B1969,2027-01-27 00:00:00,Agent_44,Email,General,958,179,5,Dropped,2027-01-27,0.8984172645037873
TICK-B1970,2027-01-22 00:00:00,Agent_36,Email,General,780,144,4,Dropped,2027-01-22,0.7203440322144391
TICK-B1971,2027-01-24 00:00:00,Agent_39,Email,General,844,156,4,Dropped,2027-01-24,0.7849553251832909
TICK-B1972,2027-01-29 00:00:00,Agent_46,Email,General,998,187,5,Dropped,2027-01-29,0.9380236601900724
TICK-B1973,2027-01-03 00:00:00,Agent_4,Voice,Billing,143,16,1,Resolved,2027-01-03,0.0835707264392811
TICK-B1974,2027-01-08 00:00:00,Agent_12,Voice,Billing,319,51,2,Resolved,2027-01-08,0.2598448199899849
TICK-B1975,2027-01-27 00:00:00,Agent_44,Email,General,958,179,5,Dropped,2027-01-27,0.8989127985651257
TICK-B1976,2027-01-06 00:00:00,Agent_9,Voice,Billing,257,39,1,Resolved,2027-01-06,0.19768233085543108
TICK-B1977,2027-01-02 00:00:00,Agent_1,Voice,Billing,95,7,1,Resolved,2027-01-02,0.03523366358698421
TICK-B1978,2027-01-07 00:00:00,Agent_10,Voice,Billing,279,43,2,Resolved,2027-01-07,0.2195939257141497
TICK-B1979,2027-01-25 00:00:00,Agent_40,Email,General,867,161,5,Dropped,2027-01-25,0.8078043766499174
TICK-B1980,2027-01-22 00:00:00,Agent_35,Email,General,764,140,4,Dropped,2027-01-22,0.7048071434952288
TICK-B1981,2027-01-26 00:00:00,Agent_43,Email,General,924,172,5,Dropped,2027-01-26,0.8648798773766124
TICK-B1982,2027-01-02 00:00:00,Agent_2,Voice,Billing,101,8,1,Resolved,2027-01-02,0.0415718190090586
TICK-B1983,2027-01-23 00:00:00,Agent_37,Email,General,819,151,4,Dropped,2027-01-23,0.759603249690668
TICK-B1984,2027-01-25 00:00:00,Agent_41,Email,General,883,164,5,Dropped,2027-01-25,0.8239974420896837
TICK-B1985,2027-01-07 00:00:00,Agent_11,Voice,Billing,284,44,2,Resolved,2027-01-07,0.22411926318980402
TICK-B1986,2027-01-29 00:00:00,Agent_47,Email,General,1019,191,5,Dropped,2027-01-29,0.9595349784598723
TICK-B1987,2027-01-13 00:00:00,Agent_21,Chat,Tech Support,486,85,3,Open,2027-01-13,0.42622193181827306
TICK-B1988,2027-01-11 00:00:00,Agent_18,Chat,Tech Support,422,72,2,Open,2027-01-11,0.36235678269679883
TICK-B1989,2027-01-05 00:00:00,Agent_7,Voice,Billing,206,29,1,Resolved,2027-01-05,0.14610992091791097
TICK-B1990,2027-01-10 00:00:00,Agent_15,Voice,Billing,368,61,2,Resolved,2027-01-10,0.3087686479513937
TICK-B1991,2027-01-15 00:00:00,Agent_24,Chat,Tech Support,547,97,3,Open,2027-01-15,0.4873860921649583
TICK-B1992,2027-01-27 00:00:00,Agent_43,Email,General,935,175,5,Dropped,2027-01-27,0.8756658021080433
TICK-B1993,2027-01-18 00:00:00,Agent_28,Chat,Tech Support,628,113,3,Open,2027-01-18,0.568186647490389
TICK-B1994,2027-01-22 00:00:00,Agent_36,Email,General,788,145,4,Dropped,2027-01-22,0.7280405044428363
TICK-B1995,2027-01-27 00:00:00,Agent_44,Email,General,949,177,5,Dropped,2027-01-27,0.8893569793392397
TICK-B1996,2027-01-26 00:00:00,Agent_42,Email,General,906,169,5,Dropped,2027-01-26,0.8460575685889503
TICK-B1997,2027-01-18 00:00:00,Agent_29,Chat,Tech Support,642,116,3,Open,2027-01-18,0.5820433328627688
TICK-B1998,2027-01-30 00:00:00,Agent_49,Email,General,1040,196,5,Dropped,2027-01-30,0.9805247591491949
TICK-B1999,2027-01-25 00:00:00,Agent_40,Email,General,873,162,5,Dropped,2027-01-25,0.8138337976248452
